0.ID,1.filename,2.icon,3.name,4.hiraname,5.age,6.sex,7.job,8.color,9.hp,10.mp,11.san,12.db,13.str,14.con,15.pow,16.dex,17.app,18.siz,19.int,20.edu,21.skill,22.setting,23.scenario,24.driverCom,25.managerCom,26.bossCom,27.spiritualCom,28.warcrimCom,29.creatorCom,30.maker,31.height,32.sibling,33.fumble,34.critical
1,Kiyora.html,,きよら,,17,女,JK,レッド　#FF0000,15/15,13/13,64/65,1d4,10,14,13,14,16,16,10,14,CCB<={SAN} 【SAN値チェック】$CCB<=50 【アイデア】$CCB<=65 【幸運】$CCB<=50 【STR * 5】$CCB<=70 【知識】$CCB<=80 【APP * 5】$CCB<=70 【ショックロール】$ccb＜=70　目星$ccb＜=55　聞き耳$ccb＜=41　芸術（服飾）$ccb＜=21　フランス語  　$ccb＜＝31  ドイツ語$ccb＜=60　写真術$ccb＜=90　言いくるめ(威圧)$ccb＜=89　日本刀$ccb＜=50　格闘(キック)$ccb ＜=5     クトゥルフ神話,極道の娘$ハーフ,毒入りスープ$ゲームは一日一時間$遊園地は死で遊ぶ$セーラー服を脱がさないで$デッドマンズエスケイプショウ,日本刀かっこよかった…,かわいい。ニーフリットをよろしく。,強者,強い,男共以上の安心感,地味に初めて作った探索者,,182,兄がいる妹,,
2,Tsuchiki_Tsutomu.html,,土木工,つちきつとむ,19,男,土木工事作業員,フォレストグリーン　#288C66,11/11,11/11,48/55,1d4,13,6,11,14,8,17,16,11,ccb＜=48　San$ccb＜=80   アイデア$ccb＜=55   幸運$ccb＜=55   知識$ccb＜=65   目星$ccb＜=50   聞き耳$ccb＜=45  図書館$ccb＜=80  機械修理$ccb＜=71  重機械操作$ccb＜=80  拳$ccb＜=70  杖（シャベル）$ccb＜=45  制作（日曜大工）　$ccb＜=50  応急手当$ccb＜=42  クトゥルフ神話技能,優しいお兄ちゃん$弟と妹がいて、今は妹と二人暮らし$高卒で就職,人魚の願い$果てにて$傀逅,,しっかりしてるよな,,,,初期の性癖,,191,妹と弟がいる兄,,
3,Ki_Akeru.html,,紀伊明瑠,きいあける,26,男,鍵師,#F0E68C,12/12,10/10,37/50,-1d4,4,12,10,16,10,12,14,16,CCB<={SAN} 【SAN値チェック】$CCB<=70 【アイデア】$CCB<=50 【幸運】$CCB<=20 【STR * 5】$CCB<=80 【知識】$CCB<=50 【APP * 5】$CCB<=60 【ショックロール】$CCB<=84 【鍵開け】$CCB<=70 【隠れる】$CCB<=80 【聞き耳】$CCB<=55 【図書館】$CCB<=80 【目星】$CCB<=35 【機械修理】$CCB<=72 【製作(鍵)】$CCB<=35 【電気修理】$CCB<=50 【経理】$CCB<=31 【電子工学】,鍵・鍵開けオタク,山羊座の牧師は独りぼっち,,,,,,,,169,一人っ子,,
4,Sashihara_Aoko.html,,刺原青子,さしはらあおこ,25,女,刺青彫師,バイオレット　#5A4498,13/13,12/12,60/60,0,13,14,12,15,13,11,12,17,CCB<={SAN} 【SAN値チェック】$CCB<=60 【アイデア】$CCB<=60 【幸運】$CCB<=65 【STR * 5】$CCB<=85 【知識】$CCB<=65 【APP * 5】$CCB<=70 【ショックロール】$ccb＜＝85　目星$ccb＜＝55　聞き耳$ccb＜＝70　図書館$ccb＜＝65  医学$ccb＜＝80  芸術$ccb＜＝50   拳銃$ccb＜＝57   英語$ccb＜＝65  心理学$ccb＜＝65  言いくるめ$ccb＜＝21  クトゥルフ神話$ccb<=5　芸術（演技）,医大中退,迫り来る闇$どうしよう、人殺しちゃった$酒は飲んでも飲まれるな$紅の幻想$なつまつり$ハロウィンワンナイトクルーズ$スモーキンバラッド$（喫煙所）$探索者ピックアップガチャ$Dの信仰,,安定感,,かわいい,タレ目が良い,使い勝手がいい,,159,一人っ子,2,2
5,Harada_Saku.html,,原田朔,はらださく,25,男,外科医,ムーングレイ　#D4D9DC,11/11,13/13,39/65,0,11,10,13,11,12,11,9,19,CCB<={SAN} 【SAN値チェック】$CCB<=45 【アイデア】$CCB<=65 【幸運】$CCB<=55 【STR * 5】$CCB<=95 【知識】$CCB<=60 【APP * 5】$CCB<=50 【ショックロール】$CCB<=70 【拳銃】$CCB<=60 【応急手当】$CCB<=40 【聞き耳】$CCB<=75 【図書館】$CCB<=70 【目星】$CCB<=60 【言いくるめ】$CCB<=61 【外国語（英語）】$CCB<=20 【外国顔（ドイツ語）】$CCB<=80 【医学】$CCB<=1 【クトゥルフ神話】$CCB<=20 【芸術(バイオリン)】$CCB<=40 【心理学】$CCB<=21 【薬学】,医療系家族の落ちこぼれ,幸謳う病$コマドリの葬列【HO1】$貴方は私を二度殺すのね$その髄に君を呼ぶ$Because\ Baby\ I love you.$灰になってよかった$（たたら）,あんまり覚えがない,落ちこぼれやったんか,おじちゃーん☆☆☆！！！,,悪してるとこ観たいぜ,今のところ割といい人,,165,兄が二人いる弟,,
6,Kano_Ryosuke.html,,狩野猟輔,かのりょうすけ,31,男,暗殺者,涅色　#554738,15/15,11/11,55/55,0,11,18,11,3,8,11,16,12,幸運55$アイデア80$知識60$目星  60$聞き耳  99$図書館  25（初期値）$ライフル  90$生物学  72$隠れる 60$ナイフ  70$追跡   40$製作（罠）35,元猟師$左足が無い,はらぺこあおむし$太古の座敷牢$（愛飢ゑヲワル）,,お騒がせな二人がお世話になりました,もうちょっとおしゃべりしたい,,傷痕広がってそう,RPむずい,,169,,,
7,Kuruma_Tsukasa.html,,久留間掌,くるまつかさ,46,男,車掌,紺　#202F55,15/15,6/6,30/30,0,7,14,6,12,10,16,10,14,ccb＜＝80　目星$ccb＜＝50    聞き耳$ccb＜＝50　図書館$ccb＜＝50　応急手当$ccb＜＝50　精神分析$ccb＜＝90　心理学$ccb＜＝51　組付$ccb＜＝71　重機械操作$ccb＜＝35　ナビゲート,運が悪い,混沌を運ぶ者$無開,不憫おじさんかぁいい,かぁいいねぇ,かわいそうだったなぁ,,顔が良い顔が,設定が好き,,186,弟がいる兄,,
8,Kuruma_Takushi.html,,久留間拓志,くるまたくし,38,男,タクシー運転手,暗黒色　#16160E,13/13,12/12,55/60,1d4,9,10,12,17,14,16,14,15,CCB<={SAN} 【SAN値チェック】$CCB<=70 【アイデア】$CCB<=60 【幸運】$CCB<=45 【STR * 5】$CCB<=75 【知識】$CCB<=70 【APP * 5】$CCB<=50 【ショックロール】$CCB<=40 【組み付き】$CCB<=50 【こぶし（パンチ）】$CCB<=30 【応急手当】$CCB<=50 【聞き耳】$CCB<=55 【図書館】$CCB<=80 【目星】$CCB<=80 【運転(自動車)】$CCB<=55 【機械修理】$CCB<=65 【ナビゲート】$CCB<=70 【信用】$CCB<=25 【医学】$CCB<=75 【心理学】$CCB<=30 【博物学】,殺人鬼$掌の弟,雨の日のタクシー$とある幸せな家族の話$【HO1】,,ぱぱあああああああああああああああああ,楽しかったなぁ,俺のパパ…,俺の旦那,父ロール楽しい,,187,兄がいる弟,,
9,Kiyota_Sojiro.html,,清田掃除郎,きよたそうじろう,22,男,大学生兼特殊清掃員,灰色　#9E9E9E,13/13,18/18,78/90,1d4,15,15,18,10,11,11,13,16,ccb<=65  アイデア$ccb<=80 知識$ccb<=90  幸運$ccb＜＝90　投擲$ccb＜＝90　回避$ccb＜＝71　薬学$ccb＜＝80　掃除（芸術）$ccb＜＝75　目星$(ccb＜＝25　聞き耳)$ccb＜＝39　精神分析$ccb＜＝31　法医学$ccb＜＝45　隠す$ccb<=2  クトゥ神$ccb<=57 拳$ccb＜＝35 図書館$ccb<=30 機械修理,鈍感,white room-矛盾本能-$密室シェアハウス【HO1】$極楽浄土に棲む魚ver上司$ワンルーム・ディスコン$【HO3】$(たたら),惹ちゃんの敵,わしの子からしたら特に敵ではない,やばい,地雷トラウマ製造機,邪悪なルフィ,よく馴染む,,168,一人っ子,2,0
10,Jyoshima_Shirase.html,,情島報,じょうしましらせ,23,女,記者兼情報屋,橙色　#EE7800,10/10,12/12,60/60,1d4,13-1,7,12,8,14,13,17,14,ccb＜＝90　目星$ccb＜＝80　聞き耳$ccb＜＝80　図書館$ccb＜＝50　言いくるめ$ccb＜＝30　心理学$ccb＜＝40　写真術$ccb＜＝60　追跡$ccb＜＝30   英語$ccb＜＝35　法律$ccb＜＝50　信用,好奇心旺盛$マスゴミ,私、友蔵の孫の友人です。,また会いたいな,あまり一緒になりたくないよね,NPCありKPの時に来てほしくない,無邪気,1情島で3狂人有るから常識人連れて来ざるおえない,記者ロール楽しい,,167,一人っ子,,
11,Osakabe_Nariyuki.html,,刑部事,おさかべなりゆき,36,男,刑事,ボルドー　#6A1917,13/13,18/18,90/90,1d4,14,13,18,9,11,12,13,16,ccb＜＝90  目星$ccb＜＝60  聞き耳$ccb＜＝75  図書館$ccb＜＝45  応急手当$ccb＜＝75  拳銃$ccb＜＝64  心理学$ccb＜＝50  法律$ccb＜＝71  精神分析$ccb＜＝70  拳$ccb＜＝51  キック$ccb＜＝50  マーシャルアーツ(柔道)$ccb＜＝25  頭突き,堅物,庭師は何を口遊む【HO1】$シュガーレス・ハッピーバレンタイン,質実剛健,一生ついていきます,硬派筆頭,頼りになる,おっさん図ラブしてぇ,しゃべれ,,172,弟がいる兄,,
12,Okane_Kakeru.html,,岡根賭,おかねかける,21,男,ギャンブラーという名のニート,ストロベリー　#E73562,13/13,7/7,12/35,1d4,12,12,7,17,16,13,14,14,ccb＜＝70　目星$ccb＜＝60　聞き耳$ccb＜＝30   図書館$ccb＜＝85   言いくるめ$ccb＜＝35   芸術(イカサマ)$ccb＜＝51   変装$ccb＜＝41   鍵開け$ccb＜＝75   隠れる$ccb＜＝40   歴史$ccb＜＝60   忍び歩き,闇金に借金してるパチカスヒモ男$大学受験に失敗している$優秀な兄にコンプ,沼男は誰だ？【HO2】,映画館でカジノしようぜ～！,姫芽子はあなたのことを忘れない！,上司と花札せーへん？,ごめんね,もっと鳴かせたかった,もっと色々させたかった,,174,兄がいる弟,,
13,Kishi_Kaisei.html,,岸海生,きしかいせい,15,男,高校生,シアン　#00FFFF,14/14,15/15,75/75,1d4,14,11,15,9,11,17,13,16,CCB<={SAN} 【SAN値チェック】$CCB<=65 【アイデア】$CCB<=75 【幸運】$CCB<=70 【STR * 5】$CCB<=55 【知識】$CCB<=80 【APP * 5】$CCB<=55 【ショックロール】$ccb＜＝80　目星$ccb＜＝80　聞き耳$ccb＜＝90　水泳$ccb＜＝75　登攀$ccb＜＝55　跳躍$ccb＜＝80　応急手当$ccb＜＝61　生物学$ccb＜＝31　地質学$ccb＜＝21　天文学$ccb＜＝51　操縦（ボート）$ccb＜＝75　杖（銛）,圧倒的太陽属性,海も枯れるまで【HO2】$チョコレイトはいかが？$無色透明の真夏,いい子過ぎて…suki...,ありがとう,うらやま,純粋かわいい,LINE交換したわ,眩しい,,192,一人っ子,,
14,Syo_Setsuka.html,,荘雪華,しょうせつか,20,女,大学生兼小説家,アイリス　#C7A5CC,13/13,8/8,31/40,0,7,12,8,15,16,13,14,15,ccb＜=75　目星$ccb＜=50　聞き耳$ccb＜=80　図書館$ccb＜=50   オカルト$ccb＜=65   英語$ccb＜=71    博物学$ccb＜=30    隠れる$ccb＜=50    回避$ccb＜=56    天文学$ccb<=41　芸術（文学）,箱入り娘$彼氏持ち,アイリスからの恋文$ノアの感情論,,会ってみたい,いや、結構声もよかったぞ,顔がいい,シルバニアファミリーの赤ちゃん？,声が気に食わない,,165,弟がいる姉,,
15,Yashirozaki_Iku.html,,社先生,やしろざきいく,32,男,中学校社会科教員,イエローオーカー　#C4972F,12/12,11/11,47/55,0,7,11,11,16,11,13,14,14,CCB<={SAN} 【SAN値チェック】$CCB<=70 【アイデア】$CCB<=55 【幸運】$CCB<=35 【STR * 5】$CCB<=70 【知識】$CCB<=55 【APP * 5】$CCB<=55 【ショックロール】$CCB<=72 【回避】$CCB<=60 【応急手当】$CCB<=60 【隠れる】$CCB<=60 【聞き耳】$CCB<=41 【精神分析】$CCB<=75 【図書館】$CCB<=85 【目星】$CCB<=71 【心理学】$CCB<=45 【法律】$CCB<=31 【歴史】,自分の意思がなく$常に人の顔色を伺っている$差し歯,ソープスクール【HO1】$欲求の階段$検証A,燿でいじめたい(願望),かわいそうでかわいい,正直、よう知らんねん2,いじめてる時正直ドキドキした,社虐最高！社虐最高！と言いなさい,サンドバック,,173,一人っ子,0,4
16,Yaku_Zantetsu.html,,夜久斬鉄,やくざんてつ,28,男,ヤクザ,#660033,12/12,16/16,57/80,1d4,13,11,16,10,9,13,13,15,CCB<={SAN} 【SAN値チェック】$CCB<=65 【アイデア】$CCB<=80 【幸運】$CCB<=65 【STR * 5】$CCB<=75 【知識】$CCB<=45 【APP * 5】$CCB<=55 【ショックロール】$ccb＜=60　目星$ccb＜=50　聞き耳$ccb＜=25　図書館$ccb＜=85　拳$ccb＜=80　キック$ccb＜＝71　マーシャルアーツ$ccb＜=50　心理学$ccb＜=60　言いくるめ(威圧)$ccb＜=60　拳銃$ccb＜=65　法律$ccb＜=50　応急手当て$ccb＜＝4 クトゥルフ神話,シスコン$若頭補佐,落園$(たたら),エセ関西弁すき,RPうますぎかて,ルカと会ってみーひん？,顔,夢デリヘルになっちゃいそう,ヤクザロール楽しい,,174,妹がいる兄,,
17,Matsudo_Saien.html,,松戸才円,まつどさいえん,40,男,科学者,黒緑　#333631,,,,,,,,,,,,,,,（カタシロ）,,あ”あ”ああああああああああああああああああ,,,あんな可愛い娘なら堕ちても仕方ないな！,愚か者,,,,,
18,Meta_Takatsugu.html,,米田高次,めたたかつぐ,25?,女？,無職,　バイオレット　#5A4498,10/10,11/11,55/55,0,12,9,10,13,4,11,14,11,CCB<={SAN} 【SAN値チェック】$CCB<=70 【アイデア】$CCB<=55 【幸運】$CCB<=65 【STR * 5】$CCB<=55 【知識】$CCB<=65 【APP * 5】$CCB<=50 【ショックロール】$CCB<=48 【回避】$CCB<=80 【拳銃】$CCB<=68 【応急手当】$CCB<=50 【聞き耳】$CCB<=37 【精神分析】$CCB<=75 【図書館】$CCB<=50 【目星】$CCB<=27 【芸術(日本画)】$CCB<=89 【心理学】$CCB<=4 【クトゥ神】,メタい,カタシロアナザー$white room-矛盾本能-$灰になってよかった,,これからに期待,運で会いたい,これからも生きて,,メタ発言できて楽しいよ,,159,一人っ子,,
19,Shintan_Himoroginomikoto.html,,薪炭神籬命,しんたんひもろぎのみこと,？？？,男,土地神,焦香　#AE7C58,13/13,11,55/55,1d4,11,12,11,10,9,14,12,21,CCB<={SAN} 【SAN値チェック】$CCB<=60 【アイデア】$CCB<=55 【幸運】$CCB<=55 【STR * 5】$CCB<=105 【知識】$CCB<=45 【APP * 5】$CCB<=60 【ショックロール】$CCB<=85 【聞き耳】$CCB<=81 【精神分析】$CCB<=75 【図書館】$CCB<=60 【目星】$CCB<=80 【火操】$CCB<=80 【信用】$CCB<=66 【考古学】$CCB<=61 【人類学】$CCB<=70 【博物学】$CCB<=85 【歴史】,おおらか,ぼくとかみさまのなつやすみ【HOかみさま】,,,,,家の神様です！,おじいちゃん,,179,兄がいる弟,,
20,Bijl.html,,Bijl,ベイル,20?,？？？,処刑人,パウダーブルー　#BCCDDB,9/9,9/9,45/45,0,15,8,9,8,5,9,13,15,CCB<={SAN} 【SAN値チェック】$CCB<=65 【アイデア】$CCB<=45 【幸運】$CCB<=75 【STR * 5】$CCB<=75 【知識】$CCB<=25 【APP * 5】$CCB<=40 【ショックロール】$CCB<=46 【回避】$CCB<=85 【斧】$CCB<=75 【応急手当】$CCB<=70 【隠れる】$CCB<=60 【聞き耳】$CCB<=10 【忍び歩き】$CCB<=1 【精神分析】$CCB<=75 【図書館】$CCB<=80 【目星】$CCB<=41 【変装】$CCB<=60 【医学】$CCB<=30 【オカルト】$CCB<=50 【歴史】$1d8+2 斧,信心深い,ジャンヌの猟犬【HO4】,,別世界線のオレ,,,,これはいいロスト,,154,一人っ子,,
21,Kikkai_Bunya.html,,吉貝ブン哉,きっかいぶんや,35,男,ジャーナリスト,ダークオリーブグリーン　#556B2F,11/11,13/13,65/65,1d4,15,7,13,12,11,15,11,12,CCB<={SAN} 【SAN値チェック】$CCB<=55 【アイデア】$CCB<=65 【幸運】$CCB<=75 【STR * 5】$CCB<=60 【知識】$CCB<=55 【APP * 5】$CCB<=35 【ショックロール】$CCB<=44 【回避】$CCB<=75 【こぶし（パンチ）】$CCB<=31 【マーシャルアーツ】$CCB<=71 【鍵開け】$CCB<=50 【聞き耳】$CCB<=65 【写真術】$CCB<=25 【追跡】$CCB<=65 【図書館】$CCB<=80 【目星】$CCB<=50 【説得】$CCB<=50 【オカルト】,親孝行$額の傷は若い頃不良やっててできたもの,火点し頃の蜘蛛踊り【HO2】$蛾と踊る,,めくらを守るんだよ,ずっと一方的なちょっかいかけてたい,,困ったときはいつでも呼んでください！,普通に良い人,,183,妹がいる兄,3,3
22,Tsube_Toko.html,,津辺冬煌(ダダ),つべとうこう,23,男,youtuber,イエロー　#FFFF00,13/13,11/11,55/55,0,12,14,11,11,8,12,9,11,CCB<={SAN} 【SAN値チェック】$CCB<=45 【アイデア】$CCB<=55 【幸運】$CCB<=60 【STR * 5】$CCB<=55 【知識】$CCB<=40 【APP * 5】$CCB<=70 【ショックロール】$CCB<=35 【聞き耳】$CCB<=25 【図書館】$CCB<=70 【目星】$CCB<=50 【跳躍】$CCB<=70 【信用】$CCB<=55 【オカルト】$CCB<=80 【芸術(ゲーム)】$CCB<=51 【コンピューター】,十四松$就活鬱で自殺未遂$四人組YouTuber「さむシンズ」の黄色担当,好きなことで、生きていく$【HO1】$地を這う標$素晴らしき新年,,ダダダダダダダダダダダダ～,,十四松とカラ松って…コト！？,,優しみの権化,,172,兄がいる弟,,
23,Tosatsu_Saho.html,,土佐津咲穂,とさつさほ,27,女,精肉屋補佐,真紅　#A22041,11/11,10/10,50/50,0,11,9,10,11,10,12,14＋2,11,CCB<={SAN} 【SAN値チェック】$CCB<=80 【アイデア】$CCB<=50 【幸運】$CCB<=55 【STR * 5】$CCB<=55 【知識】$CCB<=50 【APP * 5】$CCB<=45 【ショックロール】$CCB<=75 【ナイフ】$CCB<=50 【隠れる】$CCB<=72 【聞き耳】$CCB<=50 【図書館】$CCB<=65 【目星】$CCB<=70 【製作(料理)】$CCB<=65 【心理学】$CCB<=54 【生物学】$CCB<=5 【クトゥルフ神話技能】,父のスカジャンを着る$人間不信$過度に突き放した喋り方をする,雨降らしの蝶【HO4】$（愛飢ゑヲワル【HO人間】）,"かわいい！！！！！！！
また一緒に遊ぼうね♡",とてもかわいい,,,全部お前が悪いんだ、お前のせいで,ひどい目に遭え！！！！！！,,162,一人っ子,,
24,Otonari_Sakura.html,,音成作楽,おとなりさくら,22,女,ソングライター,ライトシーグリーン　#20B2AA,9/9,12/12,60/60,1d4,14,6,12,10,9,11,16,15,CCB<={SAN} 【SAN値チェック】$CCB<=80 【アイデア】$CCB<=60 【幸運】$CCB<=70 【STR * 5】$CCB<=75 【知識】$CCB<=45 【APP * 5】$CCB<=30 【ショックロール】$CCB<=55 【頭突き】$CCB<=40 【隠す】$CCB<=80 【聞き耳】$CCB<=50 【図書館】$CCB<=65 【目星】$CCB<=85 【製作(曲)】$CCB<=65 【芸術(ギター)】$CCB<=76 【コンピューター】$CCB<=60 【心理学】,ボカロP上がり$陰キャオタク,キルキルイキル,,,合掌,一生一緒にいようね-うん,,ぎゅ………（限界感情）,,161,妹がいるかもしれない,,
25,Amashita_Sadayuki.html,,天下决判,あましたさだゆき,20,男,大学生,甚三紅　#EE827C,11/11,15/15,75/75,0,12,11,15,8,10,11,15,14,CCB<={SAN} 【SAN値チェック】$CCB<=75 【アイデア】$CCB<=75 【幸運】$CCB<=60 【STR * 5】$CCB<=70 【知識】$CCB<=50 【APP * 5】$CCB<=55 【ショックロール】$CCB<=66 【キック】$CCB<=50 【マーシャルアーツ】$CCB<=50 【聞き耳】$CCB<=70 【図書館】$CCB<=60 【目星】$CCB<=68 【説得】$CCB<=65 【心理学】$CCB<=75 【法律】$CCB<=72 【歴史】,お人好し$合気道二段,辜月のN【HO2】,,まじでかわいい,決判はほんますごいなぁ、,ほんとによかったなぁ,,顔が描きやすい,,166,一人っ子,,
26,Rubbish.html,,rubbish,ラビッシュ,10,男,ジャンク屋,向日葵色　#FCC800,11/11,11/11,55/55,1d4,17,14,11,13,7,8,13,13,CCB<={SAN} 【SAN値チェック】$CCB<=65 【アイデア】$CCB<=55 【幸運】$CCB<=85 【STR * 5】$CCB<=65 【知識】$CCB<=35 【APP * 5】$CCB<=70 【ショックロール】$CCB<=80 【頭突き】$CCB<=75 【隠れる】$CCB<=55 【聞き耳】$CCB<=65 【目星】$CCB<=63 【機械修理】$CCB<=51 【操縦(宇宙船)】$CCB<=61 【変装】$CCB<=40 【値切り】,実験施設生まれ$言語機能に問題あり,ぼくらのシャングリラ、$あの子のほうき星,,将来どんな関係になるんだろうか,抱き枕,,叩きたい　抑えられない　この気持ち,"効果音会話楽しいけど
タイミング測るの難しい",,140,血縁関係のない兄弟が三人　末っ子,,
27,Seishin_kai.html,,清心叶維,せいしんかい,30,男,精神科医,ターコイズ　#009B9F,11/11,14/14,70/70,0,12,9,14,14,10,12,16,18,CCB<={SAN} 【SAN値チェック】$CCB<=80 【アイデア】$CCB<=70 【幸運】$CCB<=60 【STR * 5】$CCB<=90 【知識】$CCB<=50 【APP * 5】$CCB<=45 【ショックロール】$CCB<=50 【応急手当】$CCB<=47 【聞き耳】$CCB<=94 【精神分析】$CCB<=75 【図書館】$CCB<=55 【目星】$CCB<=55 【機械修理】$CCB<=50 【電気修理】$CCB<=77 【信用】$CCB<=68 【医学】$CCB<=75 【心理学】$CCB<=36 【生物学】$CCB<=61 【薬学】,誰とでも仲良くできる,紡命論とシンギュラリティ$【HO4】,ときみつせんせより怖い,こわわわ,事故ってみたい,ときみつせんせとはまた違うベクトルでくそ怖い,くぅ…,怖くないお,,171,一人っ子,,
28,Matatakumono.html,,瞬くもの,たくちゃん,？,男,（神話生物）,アイボリー　#FFFFF0,30/30,100/100,500/500,3d6,18,5,100,250,15,55(28),11,12,CCB<={SAN} 【SAN値チェック】$CCB<=55 【アイデア】$CCB<=500 【幸運】$CCB<=90 【STR * 5】$CCB<=60 【知識】$CCB<=75 【APP * 5】$CCB<=25 【ショックロール】$CCB<=75 【噛みつき】$CCB<=90 【聞き耳】$CCB<=70 【追跡】$CCB<=40 【目星】$CCB<=45 【水泳】$CCB<=60 【製作(花冠)】$CCB<=51 【生物学】$CCB<=21 【天文学】$1d8+3d6  噛みつき$2d8+スタン  放電,好物はお魚$「瞬くもの」を目撃した探索者は1d3/1d20,（愛飢ゑヲワル$【HO神話生物】）,もふもふバトルしようよ…,もふもふ大好き,,,,もふりたい,,394,一人っ子,,
29,Ayame.html,,あやめ,あやめ,20~,女,（殺人鬼）,濃緋　#C9171E,9/9,14/14,69/70,0,12,10,14,18,13,8,9,12,CCB<={SAN} 【SAN値チェック】$CCB<=45 【アイデア】$CCB<=70 【幸運】$CCB<=60 【STR * 5】$CCB<=60 【知識】$CCB<=65 【APP * 5】$CCB<=50 【ショックロール】$CCB<=86 【回避】$CCB<=80 【ナイフ】$CCB<=40 【応急手当】$CCB<=50 【隠れる】$CCB<=75 【聞き耳】$CCB<=55 【図書館】$CCB<=65 【目星】$CCB<=50 【運転(普通二輪)】$CCB<=25 【心理学】$1d4+2  ナイフ,ウィンクできない,片鱗【HO殺人鬼】,"あやめちゃ…ぎゅ…
いっぱい楽しいことしようね",,目！！！！！！！！！！！！,,,この服持ってる,,142,一人っ子,,
30,Toka.html,,灯火,トーカ,13,男,,ホットピンク　#FF69B4,12/12,16/16,69/69,0,14,14,16,10,12,10,12,12,CCB<={SAN} 【SAN値チェック】$CCB<=60 【アイデア】$CCB<=80 【幸運】$CCB<=70 【STR * 5】$CCB<=60 【知識】$CCB<=60 【APP * 5】$CCB<=70 【ショックロール】$CCB<=65 【回避】$CCB<=50 【応急手当】$CCB<=60 【隠れる】$CCB<=65 【聞き耳】$CCB<=21 【精神分析】$CCB<=50 【登攀】$CCB<=65 【図書館】$CCB<=75 【目星】$CCB<=35 【言いくるめ】$CCB<=60 【医学】$CCB<=50 【噛みつき】$CCB<=30 【クトゥルフ神話】,カービィとマルクの複合体,誰かが死んでいる【HO1】,RP知らないけどとりあえず顔が好き,ピンック！！,,ギザ歯かわいい,,口調が揺れる,,158,血縁関係のない兄が二人と弟が一人,,
31,Zen_Isso.html,,全一掃,ぜんいっそう,19,男,掃除屋,オレンジ　#FF4500,13/13,13/13,65/65,1d6,20,9,13,14,8,16,9,13,"CCB<={SAN} 【SAN値チェック】$CCB<=45 【アイデア】$CCB<=65 【幸運】$CCB<=100 【STR * 5】$CCB<=65 【知識】$CCB<=40 【APP * 5】$CCB<=45 【ショックロール】$CCB<=72 【回避】$CCB<=85 【キック】$CCB<=87 【組み付き】$CCB<=83 【こぶし（パンチ）】$CCB<=54 【頭突き】$CCB<=76 【マーシャルアーツ】$CCB<=45 【応急手当】$CCB<=15 【隠す】$CCB<=50 【隠れる】$CCB<=70 【聞き耳】$CCB<=35 【図書館】$CCB<=75 【目星】$CCB<=21 【言いくるめ】$CCB<=10 【クトゥルフ神話】$CCB<=55 【芸術(清掃)】$CCB<=46 【コンピューター】$CBRB(87,76)         組付$CBRB(85,76)  キック$CBRB(83,76)         拳$1d6+1d6$1d6*2+1d6 $1d3+1d6 $1d3*2+1d6 ",北京ダックは皮だけ食べるものだと知ってショックを受けた過去がある,サイレン清掃会社【HO3】,"突然頭良くなる
パワー",頼りになる〜う,,,"直属の先輩ゆえ
脳筋になってゆく畠中",知能あげたくなっちゃう,,184,,,
32,Maka.html,,マカ,まか,???,???, ???,ホワイト　#FFFFFF,12/12,11/11,55/55,1d4,10,8,11,13,18,15,15,15,CCB<={SAN} 【SAN値チェック】$CCB<=75 【アイデア】$CCB<=55 【幸運】$CCB<=50 【STR * 5】$CCB<=75 【知識】$CCB<=90 【APP * 5】$CCB<=40 【ショックロール】$CCB<=60 【聞き耳】$CCB<=50 【図書館】$CCB<=60 【目星】$CCB<=75 【機械修理】$CCB<=65 【説得】$CCB<=10 【医学】$CCB<=10 【オカルト】$CCB<=6 【化学】$CCB<=5 【クトゥルフ神話】$CCB<=45 【芸術(文学)】$CCB<=15 【経理】$CCB<=6 【考古学】$CCB<=6 【コンピューター】$CCB<=50 【心理学】$CCB<=86 【人類学】$CCB<=6 【生物学】$CCB<=6 【地質学】$CCB<=6 【電子工学】$CCB<=6 【天文学】$CCB<=50 【博物学】$CCB<=6 【物理学】$CCB<=10 【法律】$CCB<=6 【薬学】$CCB<=25 【歴史】$CCB<=66 【外国語（英語）】,おでこのやつは多分外れる,デウス・エクス・マキナは死んだ【HOカミ】$盲心未遂,,なんだその無邪気かわいい,,,,想像以上にやりやすかった,,185,一人っ子,,
33,Otegami_Todoke.html,,御手紙届,おてがみとどけ,33,男,殺し屋（遺書屋）,モスグリーン　#777E41,11/11,13/13,65/65,0,10,9,13,10,12,12,16,13,CCB<={SAN} 【SAN値チェック】$CCB<=80 【アイデア】$CCB<=65 【幸運】$CCB<=50 【STR * 5】$CCB<=65 【知識】$CCB<=60 【APP * 5】$CCB<=45 【ショックロール】$CCB<=40 【回避】$CCB<=80 【拳銃】$CCB<=60 【聞き耳】$CCB<=46 【精神分析】$CCB<=30 【図書館】$CCB<=72 【目星】$CCB<=60 【運転(バイク)】$CCB<=80 【言いくるめ】$CCB<=40 【医学】$CCB<=78 【心理学】$CCB<=2 【クトゥルフ神話】,本名は文紡弦（かざりつづる）,ドロップアウトディスパイア$【HO届人】,,,,ぎええええええ！(●´Д`)ε`○),,私より頭いい,,173,一人っ子,,
34,Fudo_Yukiyama.html,,不動如山,ふどうゆきやま,34,男,不動産会社社員,アイビーグレイ　#666C67,13/13,14/14,70/70,1d4,16,13,14,13,11,12,12,16,CCB<={SAN} 【SAN値チェック】$CCB<=65 【アイデア】$CCB<=70 【幸運】$CCB<=80 【STR * 5】$CCB<=80 【知識】$CCB<=55 【APP * 5】$CCB<=65 【ショックロール】$CCB<=46 【回避】$CCB<=75 【キック】$CCB<=46 【マーシャルアーツ】$CCB<=50 【聞き耳】$CCB<=55 【図書館】$CCB<=65 【目星】$CCB<=35 【運転(自動車)】$CCB<=70 【言いくるめ】$CCB<=50 【経理】$CCB<=51 【コンピューター】$CCB<=45 【心理学】$CCB<=35 【法律】,社畜,ꙮ-多眼のO-【双眼のO】,,不動さん…,,,お話ししたいッピ…,"一番探索者らしい
生きて酷い目にあってほしい",,171,,,
35,Ichimonnji_Kasumi.html,,一華白,いちもんじかすみ,23,男,ハッカー,白花色　#E8ECEF,12/12,12/12,41/60,0,8,9,12,13,16,14,14,15,CCB<={SAN} 【SAN値チェック】$CCB<=70 【アイデア】$CCB<=60 【幸運】$CCB<=40 【STR * 5】$CCB<=75 【知識】$CCB<=80 【APP * 5】$CCB<=45 【ショックロール】$CCB<=60 【こぶし（パンチ）】$CCB<=44 【隠れる】$CCB<=45 【聞き耳】$CCB<=68 【図書館】$CCB<=72 【目星】$CCB<=30 【電気修理】$CCB<=65 【言いくるめ】$CCB<=1 【クトゥルフ神話】$CCB<=71 【コンピューター】$CCB<=51 【電子工学】$CCB<=31 【物理学】$CCB<=60 【外国語（英語）】,メンヘラストーカー$浮気相手との間にできた虐待児$いじめられっ子でもある,正しい死体の屠り方【HO2】$いつか王子様が【HO2】,,,,,,真っ当に幸せになるには歪みすぎたって感じ,,177,姉がいる弟,1,8
36,Ando_Roid.html,,安藤ロイド,あんどうろいど,,男,アンドロイド警察,ピジョンブルー　#88B5D3,28/28,14/14,58/70,1d4,12,14,14,14,15,14,15,15,CCB<={SAN} 【SAN値チェック】$CCB<=75 【アイデア】$CCB<=70 【幸運】$CCB<=60 【STR * 5】$CCB<=75 【知識】$CCB<=75 【APP * 5】$CCB<=70 【ショックロール】$CCB<=65 【回避】$CCB<=65 【組み付き】$CCB<=85 【ショットガン】$CCB<=64 【応急手当】$CCB<=75 【聞き耳】$CCB<=31 【精神分析】$CCB<=75 【図書館】$CCB<=75 【目星】$CCB<=64 【機械修理】$CCB<=75 【信用】$CCB<=81 【コンピューター】,ユーモアが好き,VOID【HO2】,ずっとそばにいてね-はい！,,アンドロイドの概念めっちゃロイドに引っ張られる,,かわいい後輩,"出目がポンコツのそれ
でも愛してるよ…",,176,姉がいる弟,10,3
37,Shirogane_Yukiko.html,,銀行子,しろがねゆきこ,17,女,学生,桔梗色　#5654A2,13/13,11/11,53/55,1d4,12,11,11,13,15,14,13,17,CCB<={SAN} 【SAN値チェック】$CCB<=65 【アイデア】$CCB<=55 【幸運】$CCB<=60 【STR * 5】$CCB<=85 【知識】$CCB<=75 【APP * 5】$CCB<=55 【ショックロール】$CCB<=75 【弓】$CCB<=50 【応急手当】$CCB<=65 【聞き耳】$CCB<=75 【図書館】$CCB<=70 【目星】$CCB<=40 【乗馬】$CCB<=65 【信用】$CCB<=15 【値切り】$CCB<=25 【芸術(ピアノ)】$CCB<=65 【経理】$CCB<=30 【法律】$CCB<=71 【芸術（お嬢様）】,ドーベルマン飼ってる,脱獄は乙女の嗜み【HO1】,,お嬢様がんばりました！,息抜き大事ある！飲茶するあるか？,,まぁ貴女も中々のお嬢様であることは認めて差し上げますわ…,強く生きていけ！,,174,一人っ子,,
38,Flow.html,,Flow,フロー,？？？？,女,浮浪者,paleturquoise #AFEEEE,16/16,15/15,1/75,0,5,16,15,9,18,15,14,16,CCB<={SAN} 【SAN値チェック】$CCB<=70 【アイデア】$CCB<=75 【幸運】$CCB<=25 【STR * 5】$CCB<=80 【知識】$CCB<=90 【APP * 5】$CCB<=80 【ショックロール】$CCB<=65 【投擲】$CCB<=85 【聞き耳】$CCB<=65 【登攀】$CCB<=50 【図書館】$CCB<=85 【目星】$CCB<=50 【水泳】$CCB<=60 【ナビゲート】$CCB<=98 【クトゥルフ神話】$CCB<=51 【地質学】$CCB<=86 【天文学】$CCB<=50 【博物学】,不老不死,Good Morning\ ALL$【HO不老不死】,もっとたくさんお話聞きたかった,,,,,フリーダムにRPできて楽しい,,184,たくさんいる…のかな？,,
39,Kuratsuka_Hajime.html,,倉塚一,くらつかはじめ,21,男,クラッカー,湊鼠　#80989B,11/11,11/11,21/55,0,9,9,11,16,11,12,15,10,CCB<={SAN} 【SAN値チェック】$CCB<=75 【アイデア】$CCB<=55 【幸運】$CCB<=45 【STR * 5】$CCB<=50 【知識】$CCB<=55 【APP * 5】$CCB<=45 【ショックロール】$CCB<=76 【回避】$CCB<=83 【拳銃】$CCB<=36 【隠れる】$CCB<=53 【聞き耳】$CCB<=55 【図書館】$CCB<=76 【目星】$CCB<=54 【言いくるめ】$CCB<=81 【コンピューター】$CCB<=14 【クトゥルフ神話】,吃音がひどい,My Sweet\ Dirty!【HO1】,,出会えてよかった,,,,吃音た〜〜〜〜のし,,167,腹違いの妹がどこかにいる兄,8,5
40,Hamu_Taro.html,,波向太郎,はむたろう,39,男,教団員,ローシェンナ　#e17b34,16/16,16/16,75/80,1d4,11,17,16,14,10,15,14,15,CCB<={SAN} 【SAN値チェック】$CCB<=70 【アイデア】$CCB<=80 【幸運】$CCB<=55 【STR * 5】$CCB<=75 【知識】$CCB<=50 【APP * 5】$CCB<=85 【ショックロール】$CCB<=58 【回避】$CCB<=99 【キック】$CCB<=30 【組み付き】$CCB<=46 【マーシャルアーツ】$CCB<=52 【拳銃】$CCB<=65 【聞き耳】$CCB<=40 【追跡】$CCB<=70 【図書館】$CCB<=75 【目星】$CCB<=70 【信用】$CCB<=5 【クトゥルフ神話】$CCB<=3 【コンピューター】$CCB<=80 【心理学】$CCB<=40 【法律】,正しいことをする自分が好き,裏切り者のワルツ【HO1】$HO1とHO2が箱に詰められるだけ$（銀幕ナイトコメディ）$俺達が潜入捜査って本気っすか！？,,,有名人,,,なんかめっちゃ立ち絵ある,,184,,3,4
41,Jinsai.html,,人災,,16,女,,#ccff00,14/14,18/18,67/90,0,10,18,18,8,6,10,14,17,CCB<={SAN} 【SAN値チェック】$CCB<=70 【アイデア】$CCB<=90 【幸運】$CCB<=50 【STR * 5】$CCB<=65 【知識】$CCB<=30 【APP * 5】$CCB<=90 【ショックロール】$CCB<=81 【回避】$CCB<=96 【頭突き】$CCB<=90 【聞き耳】$CCB<=75 【図書館】$CCB<=90 【目星】$CCB<=70 【天文学】,一人称がボク,World End Breakers$【HO人災】,,,,,二人は災厄,いつの間にか殺戮大好きっ子に,,150,,5,2
42,Claus_Corbett.html,,Claus・Corbett,クラウス・コルベット,52,男,軍人,青白橡 #9ba88d,13/13,14/14,70/70,0,11,15,14,11,13,11,18,18,CCB<={SAN} 【SAN値チェック】$CCB<=90 【アイデア】$CCB<=70 【幸運】$CCB<=55 【STR * 5】$CCB<=90 【知識】$CCB<=65 【APP * 5】$CCB<=75 【ショックロール】$CCB<=42 【回避】$CCB<=87 【ライフル】$CCB<=30 【応急手当】$CCB<=40 【聞き耳】$CCB<=41 【精神分析】$CCB<=85 【図書館】$CCB<=90 【目星】$CCB<=90 【製作(軍事作戦)】$CCB<=63 【ナビゲート】$CCB<=85 【信用】$CCB<=4 【クトゥルフ神話】$CCB<=30 【芸術(ピアノ)】$CCB<=50 【心理学】,感覚過敏$ギフテッド$ピアノ弾く,蹂躙するは我が手にて$【HO3】,,かわいすぎるｯﾋﾟ,ピアノ聴きたい！！！！！！！！,,plはクソ好きだしpcは勝手に狂ってる,みんなのこと口説きたい,,170,弟がいる兄,1,1
43,Kuruma_Takushi_tosk.html,,久留間拓志,くるまたくし,38,男,タクシー運転手,暗黒色　#16160E,13/13,12/12,53/60,1d4,9,10,12,17,14,16,14,15,CCB<={SAN} 【SAN値チェック】$CCB<=70 【アイデア】$CCB<=60 【幸運】$CCB<=45 【STR * 5】$CCB<=75 【知識】$CCB<=70 【APP * 5】$CCB<=50 【ショックロール】$CCB<=40 【組み付き】$CCB<=80 【こぶし（パンチ）】$CCB<=30 【応急手当】$CCB<=50 【聞き耳】$CCB<=55 【図書館】$CCB<=80 【目星】$CCB<=80 【運転(自動車)】$CCB<=55 【機械修理】$CCB<=65 【ナビゲート】$CCB<=70 【信用】$CCB<=45 【医学】$CCB<=75 【心理学】$CCB<=30 【博物学】$CCB<=4 【クトゥルフ神話技能】,殺人鬼$掌の弟,トーキョーχスクランブルエッグ$（獄夜を歩く僕ら）,,,,,,好きだよ…,,,兄がいる弟,3,10
44,Azzaam_Musab_Tariif,,عَزَّام・طَرِيف・مُصْعَب,アッザーム・ムスアブ・タリーフ,41,男,サーカス団長,indigo　#4b0082,14/14,17/17,85/85,1d4,13,9,17,7,8,18,12,17,CCB<={SAN} 【SAN値チェック】$CCB<=60 【アイデア】$CCB<=85 【幸運】$CCB<=65 【STR * 5】$CCB<=85 【知識】$CCB<=40 【APP * 5】$CCB<=45 【ショックロール】$CCB<=60 【回避】$CCB<=65 【棍棒】$CCB<=60 【応急手当】$CCB<=65 【聞き耳】$CCB<=66 【精神分析】$CCB<=25 【図書館】$CCB<=80 【目星】$CCB<=40 【言いくるめ】$CCB<=82 【芸術(ナイフ投げ)】$CCB<=29 【経理】$CCB<=25 【心理学】$CCB<=75 【芸術（火花と炎のシャワー）】$1d8+1d4 棍棒$1d10+1d6 火花と炎（CON喪失）,守銭奴,不辜のサァカス　ナイフノモツレ【HO1】,,ぱぱです！,,,,,,198,,,
45,,,反社ちいかわ,,,男,,#AF363B,,,,,,,,,,,,,,,,,,同卓してえが,,,早く作りたい…,,,,,
46,,,ここから先未登場,メモとして使わせてくれ〜,,,,,,,,,,,,,,,,,,,,,,,,,,,,,,
47,Adashino_Syo.html,,化野粧,あだしのしょう,16,男（女）,高校生,チェリーピンク　#EB6EA0,14/14,8/8,40/40,0,10,15,8,15,15,13,11,10,,性同一性障害,,,,,,,,,,,,
48,Oikawa_Makoto.html,,追川真実,おいかわまこと,24,女,探偵,ワインレッド　#B33E5C,13/13,16/16,80/80,1d4,14,9,16,15,13,17,16,14,ccb＜=80　目星$ccb＜=70　聞き耳$ccb＜=50　図書館$ccb＜=56　精神分析$ccb＜=60　 追跡 　$ccb＜＝30  　写真術$ccb＜=20　乗馬$ccb＜=80　心理学$ccb＜=51　英語$ccb＜=20　MA$ccb ＜=56    キック,ナルシ、タラシ,同居人$だから嫌いなあんたでいてくれよ,,,,,,イケメン発言難しい,,188,姉がいる妹,,
49,Konbini_Baito.html,,今日弐灰人,こんびにばいと,18,男,高校生兼コンビニバイト,アッシュグレイ　#9FA09E,10/10,8/8,40/40,0,6−1,9,8,12,11,12−1,13,11,ccb＜=67　目星$ccb＜=60　聞き耳$ccb＜=50　図書館$ccb＜=50　言いくるめ$ccb＜=60 　オカルト$ccb＜=50　経理$ccb＜=41　コンピュータ$ccb＜=25　応急手当て$ccb＜=25　鍵開け$ccb＜=35   隠す,どこにでもいる陰キャ,芋虫。,,,,,,継続むずい,,170,兄がいる弟,,
50,Yodogiri.html,,澱切,ヨドギリ,29,男,市役所役員（都市伝説課）,赤錆色　#8A3319,12/12,14/14,64/70,1d4,12,8,14+1,7,7,16,16,9,CCB<={SAN} 【SAN値チェック】$CCB<=80 【アイデア】$CCB<=70 【幸運】$CCB<=60 【STR * 5】$CCB<=45 【知識】$CCB<=35 【APP * 5】$CCB<=40 【ショックロール】$ccb＜＝29 図書館$CCB<=55 【キック】$CCB<=21 【マーシャルアーツ】$CCB<=75 【杖】$CCB<=60 【応急手当】$CCB<=70 【聞き耳】$CCB<=21【精神分析】$CCB<=40 【追跡】$CCB<=68 【目星】$CCB<=30 【機械修理】$CCB<=82 【オカルト】,ヘビースモーカー,ようこそ！迷冥市役所都市伝説課へ！【HO1】$君とあるく真宵$超速回転寿司$おまけシナリオ,,,,,,ツンデレおじさん,,186,一人っ子,,
51,Kazari_Gakusyu.html,,文学修,かざりがくしゅう,24,男,作家,青藍　#274A78,13/13,14/14,70/70,1d4,14,12,14,4,13,14,11,15,CCB<={SAN} 【SAN値チェック】$CCB<=55 【アイデア】$CCB<=75 【幸運】$CCB<=70 【STR * 5】$CCB<=75 【知識】$CCB<=65 【APP * 5】$CCB<=60 【ショックロール】$CCB<=70 【杖】$CCB<=50 【聞き耳】$CCB<=85 【図書館】$CCB<=75 【目星】$CCB<=65 【説得】$CCB<=80 【母国語(日本語)】$CCB<=40 【芸術(絵画鑑賞)】$CCB<=50 【心理学】$CCB<=50 【歴史】$CCB<=61 【外国語（英語）】$ccb<=10 【芸術：背負い投げ】$1d8+1d4  杖,神経質$小さい頃事故に遭い片足がうまく動かないので杖をついて歩く,帝都心中【HO3】,,,,,,可哀想な人間,,175,兄がいる弟,,
52,Sorano_Karin.html,,空野果臨,そらのかりん,18,男,高校生,ミッドナイトブルー　#001E43,12/12,16/16,80/80,1d4,14,12,16,8,9,11,16,12,CCB<={SAN} 【SAN値チェック】$CCB<=80 【アイデア】$CCB<=80 【幸運】$CCB<=70 【STR * 5】$CCB<=60 【知識】$CCB<=45 【APP * 5】$CCB<=60 【ショックロール】$CCB<=50 【聞き耳】$CCB<=50 【写真術】$CCB<=75 【図書館】$CCB<=80 【目星】$CCB<=50 【水泳】$CCB<=16 【化学】$CCB<=66 【地質学】$CCB<=76 【天文学】$CCB<=51 【英語】,宇宙の全てを知りたい,ライカの行方,,,,,,最初からSAN0だったんだ…………,,164,一人っ子,,
53,Eric_Hernandez.html,,Eric・Hernandez,エリック・ヘルナンデス,28,男,旅人,シグナルレッド　#E8383D,14/14,13/13,65/65,1d6,18,13,13,13,16,15,12,12,CCB<={SAN} 【SAN値チェック】$CCB<=60 【アイデア】$CCB<=65 【幸運】$CCB<=90 【STR * 5】$CCB<=60 【知識】$CCB<=80 【APP * 5】$CCB<=65 【ショックロール】$CCB<=75 【組み付き】$CCB<=65 【応急手当】$CCB<=75 【聞き耳】$CCB<=60 【登攀】$CCB<=60 【目星】$CCB<=40 【運転(バイク)】$CCB<=70 【機械修理】$CCB<=80 【信用】$CCB<=45 【博物学】,アメリカ人$家族はいない,ＨＩＲＡＥＴＨ【HO1】,,,,,,中の人が日本人のインキャだから難易度高い,,182,妹がいた兄,,
54,Akuta_Haiyu.html,,芥田盃游,あくたはいゆう,26,男,俳優,アンティックゴールド　#C1AB05,13/13,13/13,65/65,0,10,12,13,8,17,14,15,14,CCB<={SAN} 【SAN値チェック】$CCB<=75 【アイデア】$CCB<=65 【幸運】$CCB<=50 【STR * 5】$CCB<=70 【知識】$CCB<=85 【APP * 5】$CCB<=60 【ショックロール】$CCB<=66 【回避】$CCB<=69 【キック】$CCB<=20 【マーシャルアーツ】$CCB<=50 【聞き耳】$CCB<=50 【写真術】$CCB<=45 【図書館】$CCB<=75 【目星】$CCB<=38 【変装】$CCB<=80 【説得】$CCB<=6 【クトゥルフ神話】$CCB<=65 【芸術(演劇)】$CCB<=25 【心理学】,俺様上から目線ナルシスト男,Oh\ My Baby【HO1】$胎む六月の果実,,顔面！！！！！！,,にくい！！！！！,,顔がいい！！！,,178,一人っ子,,
55,Ajiki_Miyatsuko.html,,安食造,あじきみやつこ,22,男,食品製造会社,マドンナブルー　#00608D,13/13,12/12,60/60,0,8,13,12,9,10,12,12,17,CCB<={SAN} 【SAN値チェック】$CCB<=60 【アイデア】$CCB<=60 【幸運】$CCB<=40 【STR * 5】$CCB<=80 【知識】$CCB<=50 【APP * 5】$CCB<=65 【ショックロール】$CCB<=50 【頭突き】$CCB<=60 【ナイフ】$CCB<=65 【聞き耳】$CCB<=75 【図書館】$CCB<=70 【目星】$CCB<=50 【信用】$CCB<=61 【英語】$CCB<=55 【医学】$CCB<=45 【心理学】$CCB<=41 【生物学】,真面目な優等生$教育ママの一人息子,AI for you【HO4】,,,,,,チョロいな〜こいつ…,,172,一人っ子,,
56,Asanagu_Syuto.html,,朝凪舟渡,あさなぐしゅうと,14,男,中学生,ウルトラマリンブルー　#4753A2,10/10,12/12,60/60,0,11,9,12,12,12,11,13,6,CCB<={SAN} 【SAN値チェック】$CCB<=65 【アイデア】$CCB<=60 【幸運】$CCB<=55 【STR * 5】$CCB<=30 【知識】$CCB<=60 【APP * 5】$CCB<=45 【ショックロール】$CCB<=40 【応急手当】$CCB<=21 【鍵開け】$CCB<=55 【聞き耳】$CCB<=40 【忍び歩き】$CCB<=65 【図書館】$CCB<=70 【目星】$CCB<=25 【言いくるめ】$CCB<=60 【オカルト】$ccb<=8 【クトゥルフ神話】,厨二病,刹夏【HO2】,,,,,,正直ちょっと恥ずい,,163,双子の兄,,
57,Lieselotte_Von_Schneider.html,,Lieselotte・von・schneider,リーゼロッテ・フォン・シュナイダー,16,女,仕立て屋見習い,ローズレッド　#EA618E,10/10,10/10,47/50,1d4,11,8,11,16,16,11,11,11,CCB<={SAN} 【SAN値チェック】$CCB<=55 【アイデア】$CCB<=55 【幸運】$CCB<=55 【STR * 5】$CCB<=55 【知識】$CCB<=80 【APP * 5】$CCB<=40 【ショックロール】$CCB<=60 【こぶし（パンチ）】$CCB<=50 【応急手当】$CCB<=50 【隠れる】$CCB<=50 【聞き耳】$CCB<=30 【写真術】$CCB<=55 【図書館】$CCB<=75 【目星】$CCB<=70 【製作(服飾)】$CCB<=55 【説得】$CCB<=45 【芸術(芸術鑑賞)】,ツンデレ,花冷えに亡く季節【HO2】$（PC-21/+）,,,,,,誇りに思う,,157,一人っ子,2,3
58,Tsukumo_Kyumei.html,,九十九玖明,つくもきゅうめい,21,男,救急救命士,バーミリオン　#EA553A,12/12,11/11,55/55,1d4,14,13,11,9,13,11,12,14,CCB<={SAN} 【SAN値チェック】$CCB<=60 【アイデア】$CCB<=55 【幸運】$CCB<=70 【STR * 5】$CCB<=70 【知識】$CCB<=65 【APP * 5】$CCB<=65 【ショックロール】$CCB<=36 【回避】$CCB<=65 【組み付き】$CCB<=80 【応急手当】$CCB<=60 【聞き耳】$CCB<=60 【精神分析】$CCB<=50 【登攀】$CCB<=55 【図書館】$CCB<=68 【目星】$CCB<=50 【信用】$CCB<=50 【医学】$CCB<=36 【薬学】,いい奴$姉と妹がいる,旅館の捕食者【HO3】$うえからでられない,,,,,,"いい奴すぎてむしろ
つまんない",,167,姉一人妹一人,5,4
59,Kuniie_Gonta.html,,國家権太,くにいえごんた,27,男,警察官（国家公務員）,鶯茶　#715C1F,16/16,14/14,69/70,1d4,12,16,14,7,12,15,13,15,CCB<={SAN} 【SAN値チェック】$CCB<=65 【アイデア】$CCB<=70 【幸運】$CCB<=60 【STR * 5】$CCB<=85 【知識】$CCB<=60 【APP * 5】$CCB<=80 【ショックロール】$CCB<=75 【組み付き】$CCB<=31 【マーシャルアーツ】$CCB<=45 【拳銃】$CCB<=50 【応急手当】$CCB<=55 【聞き耳】$CCB<=36 【精神分析】$CCB<=10 【追跡】$CCB<=75 【図書館】$CCB<=65 【目星】$CCB<=75 【説得】$CCB<=55 【心理学】$CCB<=85 【法律】,クソ真面目警察一家長男,死を望まれた子供,,,,,,未熟な感じがする,,180,弟がいる兄,2,4
60,Okashi_Toma.html,,尾柏噇満,おかしとうま,18,男,お菓子屋バイト,ココアブラウン　#98605E,18/18,13/13,79/65,1d4,12,21,13,6,14,15,12,12,CCB<={SAN} 【SAN値チェック】$CCB<=60 【アイデア】$CCB<=65 【幸運】$CCB<=60 【STR * 5】$CCB<=60 【知識】$CCB<=70 【APP * 5】$CCB<=105 【ショックロール】$CCB<=45 【応急手当】$CCB<=51 【鍵開け】$CCB<=45 【隠す】$CCB<=40 【隠れる】$CCB<=65 【聞き耳】$CCB<=75 【忍び歩き】$CCB<=40 【写真術】$CCB<=26 【精神分析】$CCB<=40 【追跡】$CCB<=50 【図書館】$CCB<=70 【目星】$CCB<=55 【製作(お菓子)】$CCB<=50 【製作（料理）】$CCB<=35 【言いくるめ】$CCB<=55 【信用】$CCB<=35 【芸術(演技)】$CCB<=21 【フランス語】,おめでたい頭をしている,愛罠蜂【HO2】,,,,,,お前より幸せになっていい人はいると思う,,181,一人っ子,2,1
61,Edward.html,,Edward,エドワード,29,男,ボディーガード,ダークカーキ　#BDB76B,15/15,15/15,71/75,1d6,16,12,15,13,11,17,12,21,CCB<={SAN} 【SAN値チェック】$CCB<=60 【アイデア】$CCB<=1 【幸運】$CCB<=80 【STR * 5】$CCB<=105 【知識】$CCB<=55 【APP * 5】$CCB<=60 【ショックロール】$CCB<=65 【回避】$CCB<=80 【キック】$CCB<=71 【組み付き】$CCB<=65 【こぶし（パンチ）】$CCB<=60 【マーシャルアーツ】$CCB<=70 【拳銃】$CCB<=60 【応急手当】$CCB<=40 【隠れる】$CCB<=80 【聞き耳】$CCB<=40 【図書館】$CCB<=60 【目星】$CCB<=40 【運転(車)】$CCB<=51 【信用】$CCB<=60 【心理学】,ポジティブシンキング,Mr.アンラッキー&Ms.グッドラック【HO1】,,,,,,出目がいい,,194,不明,2,10
62,Tomurai_Hitoyoshi.html,,ト村井人義,とむらいひとよし,42,男,葬儀屋,錆鉄御納戸　#485859,15/15,14/14,75/75,0,8,13,14,15,10,16,19,24,CCB<={SAN} 【SAN値チェック】$CCB<=95 【アイデア】$CCB<=75 【幸運】$CCB<=40 【STR * 5】$CCB<=120 【知識】$CCB<=50 【APP * 5】$CCB<=65 【ショックロール】$CCB<=50 【回避】$CCB<=65 【拳銃】$CCB<=75 【ナイフ】$CCB<=30 【応急手当】$CCB<=60 【隠す】$CCB<=65 【聞き耳】$CCB<=41 【精神分析】$CCB<=85 【図書館】$CCB<=75 【目星】$CCB<=75 【言いくるめ】$CCB<=40 【信用】$CCB<=60 【医学】$CCB<=10 【オカルト】$CCB<=6 【化学】$CCB<=5 【クトゥルフ神話】$CCB<=60 【芸術(死化粧)】$CCB<=15 【経理】$CCB<=6 【考古学】$CCB<=6 【コンピューター】$CCB<=65 【心理学】$CCB<=76 【人類学】$CCB<=6 【生物学】$CCB<=6 【地質学】$CCB<=6 【電子工学】$CCB<=6 【天文学】$CCB<=15 【博物学】$CCB<=6 【物理学】$CCB<=10 【法律】$CCB<=6 【薬学】$CCB<=25 【歴史】,人の死に興味がある,秘密と内証,,,,,顔が良い顔が,私は好きだけど普通に嫌な人,,189,血のつながらない兄がいる弟,2,0
63,Amelia_Spencer.html,,Amelia・Spencer,アメリア・スペンサー,25, 女,メイド,　シナモン　#BE8F68,12/12,14/14,70/70,1d4,13,11,14,15,11,12,16,14,CCB<={SAN} 【SAN値チェック】$CCB<=80 【アイデア】$CCB<=70 【幸運】$CCB<=65 【STR * 5】$CCB<=70 【知識】$CCB<=55 【APP * 5】$CCB<=55 【ショックロール】$CCB<=71 【回避】$CCB<=80 【ナイフ】$CCB<=60 【応急手当】$CCB<=55 【聞き耳】$CCB<=65 【忍び歩き】$CCB<=36 【精神分析】$CCB<=55 【図書館】$CCB<=80 【目星】$CCB<=65 【信用】$CCB<=2 【クトゥルフ神話】$CCB<=70 【芸術(家事)】$CCB<=16 【外国語（日本語）】,元スラム街の盗人$旦那様が大好き,嗤う人間師【HO4】$AND/HAND$そうだ、キョウトとやらに行こう,,,,,,恋する乙女って感じだ,,160,一人っ子,4,2
64,Kemi_Karuma.html,,計見果留痲,けみかるま,37,男,化学教師,darkviolet #9400D3,11/11,13/13,65/65,0,10,8,13,14,12,13,12,16,CCB<={SAN} 【SAN値チェック】$CCB<=60 【アイデア】$CCB<=65 【幸運】$CCB<=50 【STR * 5】$CCB<=80 【知識】$CCB<=60 【APP * 5】$CCB<=40 【ショックロール】$CCB<=50 【応急手当】$CCB<=70 【聞き耳】$CCB<=75 【図書館】$CCB<=70 【目星】$CCB<=45 【製作(変な薬)】$CCB<=50 【信用】$CCB<=20 【医学】$CCB<=35 【オカルト】$CCB<=80 【化学】$CCB<=3 【クトゥルフ神話】$CCB<=45 【心理学】$CCB<=20 【生物学】$CCB<=20 【地質学】$CCB<=60 【物理学】$CCB<=66 【薬学】,いつ死んでもいいと思ってる,ステガノグラフィ【HO2】,,,,,,何がしたいんだ？お前…,,174,一人っ子,1,3
65,David_Cosmo.html,,David・cosmo,デイビッド・コスモ,43,男,宇宙飛行士,ベージュ　#eedcb3,15/15,16/16,72/80,1d4,13,15,16,11,9,14,12,17,CCB<={SAN} 【SAN値チェック】$CCB<=60 【アイデア】$CCB<=80 【幸運】$CCB<=65 【STR * 5】$CCB<=85 【知識】$CCB<=45 【APP * 5】$CCB<=75 【ショックロール】$CCB<=75 【聞き耳】$CCB<=55 【図書館】$CCB<=65 【目星】$CCB<=80 【機械修理】$CCB<=46 【操縦(宇宙船)】$CCB<=81 【低/無重力行動】$CCB<=65 【信用】$CCB<=41 【天文学】$CCB<=72 【宇宙工学】,13歳の娘と妻がいる,事象地平のアストロナウト,,,,,,出目はあれだったけどよく生きて帰ったなぁ…,,176,一人っ子,,
66,Kasuda_Kyo.html,,嘉数田教,かすだきょう,27,男,数学教師,ヒヤシンス　#6c9bd2,12/12,12/12,60/60,0,10,10,12,12,13,14,11,14,CCB<={SAN} 【SAN値チェック】$CCB<=55 【アイデア】$CCB<=60 【幸運】$CCB<=50 【STR * 5】$CCB<=70 【知識】$CCB<=65 【APP * 5】$CCB<=50 【ショックロール】$CCB<=65 【こぶし（パンチ）】$CCB<=45 【応急手当】$CCB<=40 【隠れる】$CCB<=65 【聞き耳】$CCB<=70 【図書館】$CCB<=70 【目星】$CCB<=60 【説得】$CCB<=70 【芸術(数学)】$CCB<=65 【心理学】$CCB<=31 【物理学】,生徒に劣情を抱けるタイプ,先生,,,,,,やってる最中キモすぎて震えた,,175,一人っ子,4,3
67,Hirakoso_Kazuko.html,,平社員子,ひらこそかずこ,24,女,会社員,パンジー　#4d4398,13/13,12/12,54/60,0,13,15,12,16,10,11,13,11,CCB<={SAN} 【SAN値チェック】$CCB<=65 【アイデア】$CCB<=60 【幸運】$CCB<=65 【STR * 5】$CCB<=55 【知識】$CCB<=50 【APP * 5】$CCB<=75 【ショックロール】$CCB<=42 【回避】$CCB<=72 【拳銃】$CCB<=50 【応急手当】$CCB<=58 【聞き耳】$CCB<=45 【図書館】$CCB<=60 【目星】$CCB<=30 【運転(自動車)】$CCB<=55 【言いくるめ】$CCB<=60 【値切り】$CCB<=5 【クトゥルフ神話】$CCB<=75 【経理】$CCB<=11 【人類学】,社畜,彼方からの君に捧ぐ【HO2】,,,,,,クリティカルしかしなくて偉かった,,156,妹がいる姉,0,4
68,Makino_Ema.html,,牧野会馬,まきのえま,15,女,高校生,柿茶　#954e2a,13/13,15/15,75/75,0,11,13,15,10,11,13,15,9,CCB<={SAN} 【SAN値チェック】$CCB<=75 【アイデア】$CCB<=75 【幸運】$CCB<=55 【STR * 5】$CCB<=45 【知識】$CCB<=55 【APP * 5】$CCB<=65 【ショックロール】$CCB<=60 【回避】$CCB<=45 【応急手当】$CCB<=62 【聞き耳】$CCB<=31 【精神分析】$CCB<=30 【追跡】$CCB<=55 【図書館】$CCB<=70 【目星】$CCB<=48 【乗馬】$CCB<=55 【値切り】$CCB<=1 【クトゥルフ神話】$CCB<=21 【生物学】,馬術部,Mom\ I'm home!【HO2】,,,,,,真顔正論系楽しい,,,双子の弟がいる姉,1,3
69,Tenkyo_Inichiro.html,,天京院一郎,てんきょういんいちろう,45,男,精神科医,栗皮茶　#6d3c32,14/14,12/12,60/60,1d4,14,15,12,6,7,12,15,16,CCB<={SAN} 【SAN値チェック】$CCB<=75 【アイデア】$CCB<=60 【幸運】$CCB<=70 【STR * 5】$CCB<=80 【知識】$CCB<=35 【APP * 5】$CCB<=75 【ショックロール】$CCB<=44 【回避】$CCB<=68 【組み付き】$CCB<=45 【ショットガン】$CCB<=60 【応急手当】$CCB<=70 【隠す】$CCB<=55 【聞き耳】$CCB<=66 【精神分析】$CCB<=80 【図書館】$CCB<=75 【目星】$CCB<=35 【信用】$CCB<=80 【心理学】,,異説・狂人日記,,,,,,,,168,弟が3人いる長男,,
70,Genroku_Kotoka.html,,源六琴歌,げんろくことか,19,女,大学生,ピンクアーモンド　#e3acae,13/13,9/9,45/45,0,7,14,9,16,13,12,16,13,,,灼熱さえあればいい,,,,,,,,163,弟がいる姉,,
71,,,,,？？？？,,宇宙人,blue  #0000ff,13/13,24/24,56/56,1d4,12,10,24,15,11,16,13,9,,,,,,,,,,,,独り,,
72,.html,,,,,男,,goldenrod　#daa520,14/14,18/18,90/90,1d6,16,10,18,12,11,17,13,11,,,MAGNIFICAS【HO2】,,,,,,,,,,,
73,,,,,,,,,,,,,,,,,,,,,,,,,,,,,,,,,,
74,,,,,,,,,,,,,,,,,,,,,,,,,,,,,,,,,,
75,,,,,,,,,,,,,,,,,,,,,,,,,,,,,,,,,,
76,,,,,,,,,,,,,,,,,,,,,,,,,,,,,,,,,,
77,,,,,,,,,,,,,,,,,,,,,,,,,,,,,,,,,,
78,,,,,,,,,,,,,,,,,,,,,,,,,,,,,,,,,,
79,,,,,,,,,,,,,,,,,,,,,,,,,,,,,,,,,,
80,,,,,,,,,,,,,,,,,,,,,,,,,,,,,,,,,,
81,,,,,,,,,,,,,,,,,,,,,,,,,,,,,,,,,,
82,,,,,,,,,,,,,,,,,,,,,,,,,,,,,,,,,,
83,,,,,,,,,,,,,,,,,,,,,,,,,,,,,,,,,,
84,,,,,,,,,,,,,,,,,,,,,,,,,,,,,,,,,,
85,,,,,,,,,,,,,,,,,,,,,,,,,,,,,,,,,,
86,,,,,,,,,,,,,,,,,,,,,,,,,,,,,,,,,,
87,,,,,,,,,,,,,,,,,,,,,,,,,,,,,,,,,,
88,,,,,,,,,,,,,,,,,,,,,,,,,,,,,,,,,,
89,,,,,,,,,,,,,,,,,,,,,,,,,,,,,,,,,,
90,,,,,,,,,,,,,,,,,,,,,,,,,,,,,,,,,,
91,,,,,,,,,,,,,,,,,,,,,,,,,,,,,,,,,,
92,,,,,,,,,,,,,,,,,,,,,,,,,,,,,,,,,,
93,,,,,,,,,,,,,,,,,,,,,,,,,,,,,,,,,,
94,,,,,,,,,,,,,,,,,,,,,,,,,,,,,,,,,,
95,,,,,,,,,,,,,,,,,,,,,,,,,,,,,,,,,,
96,,,,,,,,,,,,,,,,,,,,,,,,,,,,,,,,,,
97,,,,,,,,,,,,,,,,,,,,,,,,,,,,,,,,,,
98,,,,,,,,,,,,,,,,,,,,,,,,,,,,,,,,,,
99,,,,,,,,,,,,,,,,,,,,,,,,,,,,,,,,,,
100,,,,,,,,,,,,,,,,,,,,,,,,,,,,,,,,,,
101,,,,,,,,,,,,,,,,,,,,,,,,,,,,,,,,,,
102,,,,,,,,,,,,,,,,,,,,,,,,,,,,,,,,,,
103,,,,,,,,,,,,,,,,,,,,,,,,,,,,,,,,,,
104,,,,,,,,,,,,,,,,,,,,,,,,,,,,,,,,,,
105,,,,,,,,,,,,,,,,,,,,,,,,,,,,,,,,,,
106,,,,,,,,,,,,,,,,,,,,,,,,,,,,,,,,,,
107,,,,,,,,,,,,,,,,,,,,,,,,,,,,,,,,,,
108,,,,,,,,,,,,,,,,,,,,,,,,,,,,,,,,,,
109,,,,,,,,,,,,,,,,,,,,,,,,,,,,,,,,,,
110,,,,,,,,,,,,,,,,,,,,,,,,,,,,,,,,,,
111,,,,,,,,,,,,,,,,,,,,,,,,,,,,,,,,,,
112,,,,,,,,,,,,,,,,,,,,,,,,,,,,,,,,,,
113,,,,,,,,,,,,,,,,,,,,,,,,,,,,,,,,,,
114,,,,,,,,,,,,,,,,,,,,,,,,,,,,,,,,,,
115,,,,,,,,,,,,,,,,,,,,,,,,,,,,,,,,,,
116,,,,,,,,,,,,,,,,,,,,,,,,,,,,,,,,,,
117,,,,,,,,,,,,,,,,,,,,,,,,,,,,,,,,,,
118,,,,,,,,,,,,,,,,,,,,,,,,,,,,,,,,,,
119,,,,,,,,,,,,,,,,,,,,,,,,,,,,,,,,,,
120,,,,,,,,,,,,,,,,,,,,,,,,,,,,,,,,,,
121,,,,,,,,,,,,,,,,,,,,,,,,,,,,,,,,,,
122,,,,,,,,,,,,,,,,,,,,,,,,,,,,,,,,,,
123,,,,,,,,,,,,,,,,,,,,,,,,,,,,,,,,,,
124,,,,,,,,,,,,,,,,,,,,,,,,,,,,,,,,,,
125,,,,,,,,,,,,,,,,,,,,,,,,,,,,,,,,,,
126,,,,,,,,,,,,,,,,,,,,,,,,,,,,,,,,,,
127,,,,,,,,,,,,,,,,,,,,,,,,,,,,,,,,,,
128,,,,,,,,,,,,,,,,,,,,,,,,,,,,,,,,,,
129,,,,,,,,,,,,,,,,,,,,,,,,,,,,,,,,,,
130,,,,,,,,,,,,,,,,,,,,,,,,,,,,,,,,,,
131,,,,,,,,,,,,,,,,,,,,,,,,,,,,,,,,,,
132,,,,,,,,,,,,,,,,,,,,,,,,,,,,,,,,,,
133,,,,,,,,,,,,,,,,,,,,,,,,,,,,,,,,,,
134,,,,,,,,,,,,,,,,,,,,,,,,,,,,,,,,,,
135,,,,,,,,,,,,,,,,,,,,,,,,,,,,,,,,,,
136,,,,,,,,,,,,,,,,,,,,,,,,,,,,,,,,,,
137,,,,,,,,,,,,,,,,,,,,,,,,,,,,,,,,,,
138,,,,,,,,,,,,,,,,,,,,,,,,,,,,,,,,,,
139,,,,,,,,,,,,,,,,,,,,,,,,,,,,,,,,,,
140,,,,,,,,,,,,,,,,,,,,,,,,,,,,,,,,,,
141,,,,,,,,,,,,,,,,,,,,,,,,,,,,,,,,,,
142,,,,,,,,,,,,,,,,,,,,,,,,,,,,,,,,,,
143,,,,,,,,,,,,,,,,,,,,,,,,,,,,,,,,,,
144,,,,,,,,,,,,,,,,,,,,,,,,,,,,,,,,,,
145,,,,,,,,,,,,,,,,,,,,,,,,,,,,,,,,,,
146,,,,,,,,,,,,,,,,,,,,,,,,,,,,,,,,,,
147,,,,,,,,,,,,,,,,,,,,,,,,,,,,,,,,,,
148,,,,,,,,,,,,,,,,,,,,,,,,,,,,,,,,,,
149,,,,,,,,,,,,,,,,,,,,,,,,,,,,,,,,,,
150,,,,,,,,,,,,,,,,,,,,,,,,,,,,,,,,,,
151,,,,,,,,,,,,,,,,,,,,,,,,,,,,,,,,,,
152,,,,,,,,,,,,,,,,,,,,,,,,,,,,,,,,,,
153,,,,,,,,,,,,,,,,,,,,,,,,,,,,,,,,,,
154,,,,,,,,,,,,,,,,,,,,,,,,,,,,,,,,,,
155,,,,,,,,,,,,,,,,,,,,,,,,,,,,,,,,,,
156,,,,,,,,,,,,,,,,,,,,,,,,,,,,,,,,,,
157,,,,,,,,,,,,,,,,,,,,,,,,,,,,,,,,,,
158,,,,,,,,,,,,,,,,,,,,,,,,,,,,,,,,,,
159,,,,,,,,,,,,,,,,,,,,,,,,,,,,,,,,,,
160,,,,,,,,,,,,,,,,,,,,,,,,,,,,,,,,,,
161,,,,,,,,,,,,,,,,,,,,,,,,,,,,,,,,,,
162,,,,,,,,,,,,,,,,,,,,,,,,,,,,,,,,,,
163,,,,,,,,,,,,,,,,,,,,,,,,,,,,,,,,,,
164,,,,,,,,,,,,,,,,,,,,,,,,,,,,,,,,,,
165,,,,,,,,,,,,,,,,,,,,,,,,,,,,,,,,,,
166,,,,,,,,,,,,,,,,,,,,,,,,,,,,,,,,,,
167,,,,,,,,,,,,,,,,,,,,,,,,,,,,,,,,,,
168,,,,,,,,,,,,,,,,,,,,,,,,,,,,,,,,,,
169,,,,,,,,,,,,,,,,,,,,,,,,,,,,,,,,,,
170,,,,,,,,,,,,,,,,,,,,,,,,,,,,,,,,,,
171,,,,,,,,,,,,,,,,,,,,,,,,,,,,,,,,,,
172,,,,,,,,,,,,,,,,,,,,,,,,,,,,,,,,,,
173,,,,,,,,,,,,,,,,,,,,,,,,,,,,,,,,,,
174,,,,,,,,,,,,,,,,,,,,,,,,,,,,,,,,,,
175,,,,,,,,,,,,,,,,,,,,,,,,,,,,,,,,,,
176,,,,,,,,,,,,,,,,,,,,,,,,,,,,,,,,,,
177,,,,,,,,,,,,,,,,,,,,,,,,,,,,,,,,,,
178,,,,,,,,,,,,,,,,,,,,,,,,,,,,,,,,,,
179,,,,,,,,,,,,,,,,,,,,,,,,,,,,,,,,,,
180,,,,,,,,,,,,,,,,,,,,,,,,,,,,,,,,,,
181,,,,,,,,,,,,,,,,,,,,,,,,,,,,,,,,,,
182,,,,,,,,,,,,,,,,,,,,,,,,,,,,,,,,,,
183,,,,,,,,,,,,,,,,,,,,,,,,,,,,,,,,,,
184,,,,,,,,,,,,,,,,,,,,,,,,,,,,,,,,,,
185,,,,,,,,,,,,,,,,,,,,,,,,,,,,,,,,,,
186,,,,,,,,,,,,,,,,,,,,,,,,,,,,,,,,,,
187,,,,,,,,,,,,,,,,,,,,,,,,,,,,,,,,,,
188,,,,,,,,,,,,,,,,,,,,,,,,,,,,,,,,,,
189,,,,,,,,,,,,,,,,,,,,,,,,,,,,,,,,,,
190,,,,,,,,,,,,,,,,,,,,,,,,,,,,,,,,,,
191,,,,,,,,,,,,,,,,,,,,,,,,,,,,,,,,,,
192,,,,,,,,,,,,,,,,,,,,,,,,,,,,,,,,,,
193,,,,,,,,,,,,,,,,,,,,,,,,,,,,,,,,,,
194,,,,,,,,,,,,,,,,,,,,,,,,,,,,,,,,,,
195,,,,,,,,,,,,,,,,,,,,,,,,,,,,,,,,,,
196,,,,,,,,,,,,,,,,,,,,,,,,,,,,,,,,,,
197,,,,,,,,,,,,,,,,,,,,,,,,,,,,,,,,,,
198,,,,,,,,,,,,,,,,,,,,,,,,,,,,,,,,,,
199,,,,,,,,,,,,,,,,,,,,,,,,,,,,,,,,,,
200,,,,,,,,,,,,,,,,,,,,,,,,,,,,,,,,,,