0.ID,1.filename,2.icon,3.name,4.hiraname,5.age,6.sex,7.job,8.color,9.hp,10.mp,11.san,12.db,13.str,14.con,15.pow,16.dex,17.app,18.siz,19.int,20.edu,21.skill,22.setting,23.scenario,24.driverCom,25.managerCom,26.bossCom,27.spiritualCom,28.warcrimCom,29.creatorCom,30.maker,31.height
1,Hanaya_Mio.html,,èŠ±å®¶æ¾ª,ã¯ãªã‚„ã¿ãŠ,20,å¥³,æ”¾å°„ç·šå­¦ç§‘2å¹´ç”Ÿ,#5DCCAB,13/13,13/13,65/65,1D4,14,11,13,8,10,15,12,12,ccb<=65ã€€å¹¸é‹$ccb<=60ã€€ã‚¢ã‚¤ãƒ‡ã‚¢$ccb<=60ã€€çŸ¥è­˜$ccb<=70ã€€ç›®æ˜Ÿ$ccb<=65ã€€èãè€³$ccb<=60ã€€å›³æ›¸é¤¨$ccb<=60ã€€å¿œæ€¥æ‰‹å½“$ccb<=45ã€€å¿ƒç†å­¦$ccb<=45ã€€åŒ»å­¦$ccb<=20ã€€ä¿¡ç”¨$ccb<=31ã€€ä»–ã®è¨€èª(è‹±èª)$ccb<=50ã€€å†™çœŸè¡“$ccb<=35ã€€æ©Ÿæ¢°ä¿®ç†$ccb<=50ã€€ã‚­ãƒƒã‚¯$ccb<=40ã€€çµ„ä»˜ã$ccb<=16ã€€å›é¿,ãƒ›ãƒ©ãƒ¼ãƒ»ã‚ªã‚«ãƒ«ãƒˆå¥½ã$ãƒãƒˆã‚¹ãƒˆæ°—å‘³$åƒå¤œã®å®Ÿæ³è¦‹ã¦ã‚‹,white room-çŸ›ç›¾æœ¬èƒ½-ã€€$Because\ Baby\ I love you.,æœ€åˆã®å­ã€‚ã»ã¼è‡ªåˆ†ã€‚,ã‹ã‚ã„ã„,ãã®ã†ã¡ã™ã”ã„ã“ã¨ã—ãã†ï¼ˆæœŸå¾…ï¼‰,é‹è»¢æ‰‹æ„Ÿã™ã”ã„ã€å¥½ã,,å¥½ããªã®ã§é »å‡ºã—ã¦æ¬²ã—ã„,ä¸Šå¸,180
2,Kirishima_Chiyo.html,,éœ§å³¶åƒå¤œ,ãã‚Šã—ã¾ã¡ã‚ˆ,20,å¥³,æ³•å­¦ç§‘2å¹´ç”Ÿ/ã‚²ãƒ¼ãƒ å®Ÿæ³è€…,#6E3FE7,12/12,12/12,59/60,0,7,11,12,12,10,13,12,13,ccb<=60ã€€å¹¸é‹$ccb<=60ã€€ã‚¢ã‚¤ãƒ‡ã‚¢$ccb<=65ã€€çŸ¥è­˜$ccb<=75ã€€ç›®æ˜Ÿ$ccb<=55ã€€èãè€³$ccb<=65ã€€å›³æ›¸é¤¨$ccb<=45ã€€æ­Œå”±$ccb<=21ã€€ã‚³ãƒ³ãƒ”ãƒ¥ãƒ¼ã‚¿ãƒ¼$ccb<=45ã€€å¿ƒç†å­¦$ccb<=30ã€€èª¬å¾—$ccb<=20ã€€é›»æ°—ä¿®ç†$ccb<=24ã€€å›é¿$ccb<=45ã€€éš ã‚Œã‚‹$ccb<=40ã€€å¿œæ€¥æ‰‹å½“$ccb<=35ã€€ã‚ªã‚«ãƒ«ãƒˆ$ccb<=40ã€€æ­´å²$ccb<=40ã€€æ³•å¾‹$ccb<=30ã€€ã‚­ãƒƒã‚¯,èŒãˆå£°ãƒ›ãƒ©ãƒ¼å®Ÿæ³ä¸»$ç‰¹æŠ€ã‚¨ã‚´ã‚µ,ç§ã€å‹è”µã®å­«ã®å‹äººã§ã™ã€‚,å®Ÿæ³è€…è¦ç´ å‡ºã™ã®ãƒ ã‚ºã‚¤ã€‚,ã‹ã‚ã„ã„,ã›ã‚“ã±ãƒ¼ã„ï¼ï¼ï¼,éº»å®®ã§ã‚‚ã£ã¨çµ¡ã¿å€’ã—ãŸã„,,é ¼ã‚Šã«ãªã‚‹,,170
3,Kandachi_Hinata.html,,ç¥ç«‹é™½,ã‹ã‚“ã ã¡ã²ãªãŸ,19,ç”·,é…é”å“¡,#FAB80D,14/14,11/11,53/55,1D4,14,10,11,9,12,17,9,12,ccb<=55ã€€å¹¸é‹$ccb<=45ã€€ã‚¢ã‚¤ãƒ‡ã‚¢$ccb<=60ã€€çŸ¥è­˜$ccb<=25ã€€å›³æ›¸é¤¨$ccb<=55ã€€ç›®æ˜Ÿ$ccb<=75ã€€èãè€³$ccb<=30ã€€æ©Ÿæ¢°ä¿®ç†$ccb<=21ã€€é‡æ©Ÿæ¢°æ“ä½œ$ccb<=25ã€€é›»æ°—ä¿®ç†$ccb<=40ã€€ãƒŠãƒ“ã‚²ãƒ¼ãƒˆ$ccb<=15ã€€å€¤åˆ‡ã‚Š$ccb<=40ã€€ä¿¡ç”¨$ccb<=50ã€€é‹è»¢(è»Š)$ccb<=40ã€€é‹è»¢(ãƒã‚¤ã‚¯)$ccb<=43ã€€å›é¿$ccb<=50ã€€çµ„ä»˜ã$ccb<=65ã€€ã‚­ãƒƒã‚¯,èƒ½ç­‹é™½ã‚­ãƒ£$åœ°é ­ã‚ˆã‚ã‚ˆã‚ãã®1$2æ­³å¹´ä¸‹ã®å¦¹ãŒã„ã‚‹$ã‚»ãƒ¼ãƒ©ãƒ¼æœã‚’è„±ãŒã™ãªï¼,æ··æ²Œã‚’é‹ã¶è€…$ONCE FOR BOTHã€PC2ã€‘$ã‚»ãƒ¼ãƒ©ãƒ¼æœã‚’è„±ãŒã•ãªã„ã§$ã‚«ã‚¿ã‚·ãƒ­$Life goes on,ä½¿ã„å‹æ‰‹â—ã€‚ã‹ã‚ã„ã„ã€‚,ã†ã¡ã®å®Œã‚’ã‚ˆã‚ã—ã,ã“ã‚Œã‹ã‚‰ã‚‚ã„ã£ã±ã„éŠã‚“ã§ã‚ã’ã‚‹ã­â˜†,ç™ºç‹‚ã§å¥³è£…ç™–å¼•ã“ã†ï¼Ÿã­ï¼Ÿï¼Ÿ,ã‚«ãƒ©ãƒ¼ãƒªãƒ³ã‚°ã€å¥³è£…å¥½ã,å¥³è£…,https://picrew.me/image_maker/17569,193
4,Amagase_Itsuki.html,,å¤©ã‚±ç€¬ä¾ç¾©,ã‚ã¾ãŒã›ã„ã¤ã,24,ç”·,è­¦å¯Ÿå®˜â†’FÎ±ngéšŠå“¡,#880223,15/15,10/10,50/50,1D4,12,16,10,10,6,14,12,14,ccb<=50ã€€å¹¸é‹$ccb<=60ã€€ã‚¢ã‚¤ãƒ‡ã‚¢$ccb<=70ã€€çŸ¥è­˜$ccb<=70ã€€èãè€³$ccb<=40ã€€ç›®æ˜Ÿ$ccb<=50ã€€å›³æ›¸é¤¨$ccb<=40ã€€å¿œæ€¥æ‰‹å½“$ccb<=50ã€€ã‚­ãƒƒã‚¯$ccb<=60ã€€æ‹³éŠƒ(S&W M39)$ccb<=55ã€€ã‚¢ã‚µãƒ«ãƒˆãƒ©ã‚¤ãƒ•ãƒ«(SCAR-L)$ccb<=60ã€€ã“ã¶ã—$ccb<=15ã€€è¨€ã„ãã‚‹ã‚$ccb<=30ã€€å¿ƒç†å­¦$ccb<=30ã€€èª¬å¾—$ccb<=40ã€€è¿½è·¡$ccb<=35ã€€æ³•å¾‹$ccb<=36ã€€ãƒãƒ¼ã‚·ãƒ£ãƒ«ã‚¢ãƒ¼ãƒ„$ccb<=50ã€€æŠ•æ“²$ccb<=50ã€€ç™»æ”€$ccb<=35ã€€è·³èº$ccb<=30ã€€é‹è»¢(è»Š),å¼·é¢ã®å…ƒè­¦å¯Ÿå®˜$é¡”ã®å‚·ã¯çŒ«ã®ã›ã„$ã‚µãƒã‚²â€•ãŒè¶£å‘³$ã‚¹ãƒˆãƒ¬ã‚¹ã«ã‚ˆã‚‹è‰²å¼±$FÎ±ngæ‰€å±,å£Šèƒ,å›ãŒãƒ’ãƒ¼ãƒ­ãƒ¼ã«ãªã‚‹ã‚“ã ã‚ˆ,ã‹ã£ã“ã„ã„ã‚ˆï½,,ã‹ã£ã“ã‚ˆã‹ã£ãŸã‚ˆ,ãŠä¸–è©±ã«ãªã‚Šã¾ã—ãŸï½,ã‚­ãƒ£ãƒ©ãƒ‡ã‚¶ä¸€ç•ªå¥½ã,ä¸€ç”Ÿæ‡¸å‘½æ¢ã—ã¦ã‚‹ã‘ã©è¦‹ã¤ã‹ã‚‰ãªã„ã®ã§ãªããªã£ãŸèª¬æ¿ƒåš,179
5,Wakaba_Hina.html,,è‹¥è‘‰æƒ¹,ã‚ã‹ã°ã²ãª,19,å¥³,ã‚¢ã‚¤ãƒ‰ãƒ«â†’å¤§å­¦ç”Ÿ,#FFCACE,12/12,10/10,50/50,1D4,12,9,10,6,17,13,11,12,ccb<=50ã€€å¹¸é‹$ccb<=55ã€€ã‚¢ã‚¤ãƒ‡ã‚¢$ccb<=60ã€€çŸ¥è­˜$ccb<=50ã€€èãè€³$ccb<=70ã€€ç›®æ˜Ÿ$ccb<=40ã€€å›³æ›¸é¤¨$ccb<=35ã€€èª¬å¾—$ccb<=45ã€€å¿ƒç†å­¦$ccb<=36ã€€å¤‰è£…$ccb<=10ã€€èŠ¸è¡“(æ­Œå”±)$ccb<=60ã€€èŠ¸è¡“(ãƒ€ãƒ³ã‚¹)$ccb<=45ã€€è¨€ã„ãã‚‹ã‚$ccb<=40ã€€å†™çœŸè¡“$ccb<=50ã€€éš ã‚Œã‚‹,å…ƒã‚¢ã‚¤ãƒ‰ãƒ«HiNÎ±$å®¶äº‹ãŒå‡ºæ¥ãªã„$ãƒ€ãƒ³ã‚¹ãŒä¸Šæ‰‹ã„$å…ƒäºŒé‡äººæ ¼(æ®ºäººé¬¼)$ä»Šã¯å¤§å­¦ç”Ÿ,å¯†å®¤ã‚·ã‚§ã‚¢ãƒã‚¦ã‚¹ã€HO2ã€‘$æœã¦ã«ã¦$ç´ æ™´ã‚‰ã—ãæ–°å¹´,ã¤ã‚‰ã„ã€‚,ã”ã€ã”ã‚ã‚“ã€ã€ã€,ã”ã€ã”ã‚ã‚“ã€ã€ã€,ã‚†ã‚‹ã•ã‚“ãã®1ã€ããã‹ã‚ã€ã“ã®å­è¦‹ã¦ã‚‹ã¨æ„Ÿæƒ…ãŒã‚¸ã‚§ãƒƒãƒˆã‚³ãƒ¼ã‚¹ã‚¿ãƒ¼,ã”ã€ã”ã‚ã‚“ã€ã€ã€,ã”ã€ã”ã‚ã‚“ã€ã€ã€,"https://picrew.me/image_maker/278121
ãƒ¡ãƒ¼ã‚«ãƒ¼å‰Šé™¤æ¸ˆã¿",173
6,Yoimachi_Hatate.html,,å®µç”ºæ¶¯,ã‚ˆã„ã¾ã¡ã¯ãŸã¦,26,ç”·,ä¿³å„ª,#094078,14/14,14/14,60/60,1D4,9,11,14,9,15,16,15,14,ccb<=70ã€€å¹¸é‹$ccb<=75ã€€ã‚¢ã‚¤ãƒ‡ã‚¢$ccb<=70ã€€çŸ¥è­˜$ccb<=65ã€€å›³æ›¸é¤¨$ccb<=45ã€€èãè€³$ccb<=61ã€€ç›®æ˜Ÿ$ccb<=30ã€€è¨€ã„ãã‚‹ã‚$ccb<=35ã€€é‹è»¢(è»Š)$ccb<=40ã€€èŠ¸è¡“(æ¼”åŠ‡)$ccb<=45ã€€å¿ƒç†å­¦$ccb<=40ã€€èª¬å¾—$ccb<=41ã€€å¤‰è£…$ccb<=45ã€€è·³èº$ccb<=50ã€€ç™»æ”€$ccb<=41ã€€ãƒãƒ¼ã‚·ãƒ£ãƒ«ã‚¢ãƒ¼ãƒ„$ccb<=65ã€€ã‚­ãƒƒã‚¯$ccb<=64ã€€ã“ã¶ã—$ccb<=45ã€€ã‚¢ã‚µãƒ«ãƒˆãƒ©ã‚¤ãƒ•ãƒ«(AKM)$ccb<=40ã€€æ‹³éŠƒ(45å£å¾„ãƒªãƒœãƒ«ãƒãƒ¼)$ccb<=40ã€€ã‚¯ãƒˆã‚¥ãƒ«ãƒ•ç¥è©±,ä¿³å„ªã€€å®µå¾…è¿…äºº$ã‚¢ã‚¯ã‚·ãƒ§ãƒ³å¾—æ„$ãƒ˜ã‚¿ãƒ¬$æ€œã¡ã‚ƒã‚“å¤§å¥½ã,å‚€é€…$ã‚·ãƒ¥ã‚¬ãƒ¼ãƒ¬ã‚¹ãƒ»ãƒãƒƒãƒ”ãƒ¼ãƒãƒ¬ãƒ³ã‚¿ã‚¤ãƒ³,æ€œã¨å¹¸ã›ã«ãªã£ã¦ãã‚Œï½ã€‚,å¹¸ã›ã«ãªã£ã¦,å‹é”ã«ãªã‚ŠãŸã„,ã¾ã˜ã§å¥½ãçµå©šã—ã‚ˆã€‚,ç›¸æ£’ã€ç¥å„€ã¯ã¯ãšã‚€ãœãƒ¼,æ€œã¡ã‚ƒã‚“ã‚’å®ˆã£ã¦ã­,"https://picrew.me/image_maker/26311
ãƒ¡ãƒ¼ã‚«ãƒ¼å‰Šé™¤æ¸ˆã¿",186
7,Uruha_Megu.html,,æ¼†è‘‰ç¹š,ã†ã‚‹ã¯ã‚ã,20,å¥³,ã‚¢ã‚¤ãƒ‰ãƒ«â†’å¥³å„ª,#91ABD0,11/11,8/8,40/40,0,5,9,8,15,18,13,15,12,ccb<=40ã€€å¹¸é‹$ccb<=75ã€€ã‚¢ã‚¤ãƒ‡ã‚¢$ccb<=60ã€€çŸ¥è­˜$ccb<=60ã€€èãè€³$ccb<=50ã€€ç›®æ˜Ÿ$ccb<=55ã€€å›³æ›¸é¤¨$ccb<=55ã€€å¿œæ€¥æ‰‹å½“$ccb<=61ã€€ç²¾ç¥åˆ†æ$ccb<=35ã€€èª¬å¾—$ccb<=50ã€€å¿ƒç†å­¦$ccb<=36ã€€å¤‰è£…$ccb<=50ã€€èŠ¸è¡“(æ­Œå”±)$ccb<=10ã€€èŠ¸è¡“(ãƒ€ãƒ³ã‚¹)$ccb<=30ã€€è¨€ã„ãã‚‹ã‚$ccb<=30ã€€å†™çœŸè¡“$ccb<=30ã€€éš ã‚Œã‚‹,å…ƒã‚¢ã‚¤ãƒ‰ãƒ«MeG$æƒ¹ã«ä¾å­˜æ°—å‘³$ãŠæ­ŒãŒä¸Šæ‰‹ã„,æµ·ã‚‚æ¯ã‚Œã‚‹ã¾ã§ã€HO1ã€‘,ã—ã‚“ã©ã„ã€‚,å¹¸ã›ã«ãªã£ã¦,å¤šåˆ†ãŠãã‚‰ãä¸­èº«ã®äººãŒãã£ã¨æ¥½ã—ã‹ã£ãŸã‚“ã ã‚ã†,ã‚†ã‚‹ã•ã‚“ãã®2ã€å¥æ°—ã€ã“ã®å­è¦‹ã¦ã‚‹ã ã‘ã§æ„Ÿæƒ…ãŒã‚¸ã‚§ãƒƒãƒˆã‚³ãƒ¼ã‚¹ã‚¿ãƒ¼ã€‚,ç¾ã—ã„æ®ºæ„,é™¸ã®ã“ã¨å¿˜ã‚Œãªã„ã§,"https://picrew.me/image_maker/278121
ãƒ¡ãƒ¼ã‚«ãƒ¼å‰Šé™¤æ¸ˆã¿",175
8,Mihoshi_Raimu.html,,æœ›æ˜Ÿå„¡å¤¢,ã¿ã»ã—ã‚‰ã„ã‚€,20,ç”·,ãƒ‘ãƒå±‹ã‚¢ãƒ«ãƒã‚¤ãƒˆ,#F3A016,8/13,13/13,49/65,1D4,11,11,13,12,10,14,8,9,ccb<=65ã€€å¹¸é‹$ccb<=40ã€€ã‚¢ã‚¤ãƒ‡ã‚¢$ccb<=45ã€€çŸ¥è­˜$ccb<=60ã€€ç›®æ˜Ÿ$ccb<=60ã€€èãè€³$ccb<=25ã€€å›³æ›¸é¤¨$ccb<=15ã€€è¨€ã„ãã‚‹ã‚$ccb<=44ã€€å›é¿$ccb<=10ã€€çµŒç†$ccb<=25ã€€å¿ƒç†å­¦$ccb<=55ã€€èª¬å¾—$ccb<=45ã€€å€¤åˆ‡ã‚Š$ccb<=65ã€€ã‚­ãƒƒã‚¯$ccb<=60ã€€ã“ã¶ã—$ccb<=20ã€€éš ã‚Œã‚‹,å¤¢ã¯ã‚«ã‚¸ãƒãƒ‡ã‚£ãƒ¼ãƒ©ãƒ¼$åœ°é ­ã‚ˆã‚ã‚ˆã‚ãã®2$é›£ã—ã„ã“ã¨ã¯ã‚ã‹ã‚‰ãªã„,æ²¼ç”·ã¯èª°ã ï¼Ÿã€HO4ã€‘,å¤¢è¦‹ã›ã¦ã‚ã’ãŸã‹ã£ãŸâ€¦,å§«èŠ½å­ã¯ã‚ãªãŸã‚’å¿˜ã‚Œãªã„,â˜…,ã‚ã‚ã€åŒå“ã—ãŸã‹ã£ãŸãªâ€¦,ä¸»äººå…¬åŠ›ã‚«ãƒ³ã‚¹ãƒˆ,æ˜ ç”»é¤¨ã§ã‚‚ä»²è‰¯ãã—ã¦ã­,https://picrew.me/image_maker/10948,177
9,Mikurube_Aki.html,,ä¸‰å»»éƒ¨ç‡¿,ã¿ãã‚‹ã¹ã‚ã,23,å¥³,ä½“è‚²æ•™å¸«,#E43F3B,12/12,9/9,29/45,0,14,13,9,7,12,11,13,16,ccb<=45ã€€å¹¸é‹$ccb<=65ã€€ã‚¢ã‚¤ãƒ‡ã‚¢$ccb<=80ã€€çŸ¥è­˜$ccb<=70ã€€ç›®æ˜Ÿ$ccb<=75ã€€èãè€³$ccb<=50ã€€å›³æ›¸é¤¨$ccb<=45ã€€å¿ƒç†å­¦$ccb<=50ã€€èª¬å¾—$ccb<=25ã€€åŒ»å­¦$ccb<=16ã€€å¤©æ–‡å­¦$ccb<=34ã€€å›é¿$ccb<=45ã€€æ°´æ³³$ccb<=60ã€€å¿œæ€¥æ‰‹å½“$ccb<=75ã€€ã‚­ãƒƒã‚¯$ccb<=65ã€€ã“ã¶ã—$ccb<=55ã€€éš ã™$ccb<=55ã€€éš ã‚Œã‚‹$ccb<=45ã€€è·³èº$ccb<=45ã€€æŠ•æ“²,ãƒ‹ã‚³ãƒ‹ã‚³ã—ãŸä½“è‚²æ•™å¸«$ãƒã‚¹ã‚±éƒ¨é¡§å•$å¤©æ–‡éƒ¨å‰¯é¡§å•$å…ƒã„ã˜ã‚ã£å­$ç‹¬èº«,ã‚½ãƒ¼ãƒ—ã‚¹ã‚¯ãƒ¼ãƒ«ã€HO2ã€‘,ã‚ãã¡ã‚ƒã‚“ã¤ãŠã„ã€‚,ã”ã‚ã‚“ã€‚ã™ã“,æ­£ç›´ã‚ˆã†çµ¡ã‚“ã©ã‚‰ã‚“ã­ã‚“ã€ã™ã¾ã‚“,ç§ã®å¥½ããªå…ˆç”Ÿã«ä¼¼ã¦ã‚‹,ç”Ÿæ…‹ç³»ã®æœ€ä¸Šä½ç¨®,é•·ã€…è€ƒå¯Ÿã—ã¡ã‚ƒã†ãã‚‰ã„ã«ã¯å¥½ã,å‰µé€ ä¸»,164
10,Narukami_Kyoya.html,,é³´å’¬ä¾ çŸ¢,ãªã‚‹ã‹ã¿ãã‚‡ã†ã‚„,26,ç”·,ãƒ¤ã‚¯ã‚¶,#002FA7,14/14,11/11,34/55,1D4,12,12,11,14,7,15,9,16,ccb<=55ã€€å¹¸é‹$ccb<=45ã€€ã‚¢ã‚¤ãƒ‡ã‚¢$ccb<=80ã€€çŸ¥è­˜$ccb<=65ã€€ç›®æ˜Ÿ$ccb<=35ã€€èãè€³$ccb<=75ã€€å›³æ›¸é¤¨$ccb<=45ã€€è¨€ã„ãã‚‹ã‚$ccb<=60ã€€éš ã™$ccb<=45ã€€å¿ƒç†å­¦$ccb<=45ã€€å€¤åˆ‡ã‚Š$ccb<=40ã€€èŠ¸è¡“(ã‚¤ã‚«ã‚µãƒ)$ccb<=75ã€€ã‚­ãƒƒã‚¯$ccb<=60ã€€ã“ã¶ã—$ccb<=50ã€€çµŒç†$ccb<=50ã€€æ³•å¾‹$ccb<=4ã€€ã‚¯ãƒˆã‚¥ãƒ«ãƒ•ç¥è©±,åœ°é ­ã‚ˆã‚ã‚ˆã‚ãã®3$å­—ãŒãã‚Œã„,è½åœ’$ãŸãŸã‚‰,æœ¬å½“ã«ã„ã„å­ãªã‚“ã§ã™â€¦ã€‚,,ãã£ã¨ã‚‰ã£ã,,,ä¾ çŸ¢â€¦â€¦â€¦â€¦,"https://picrew.me/image_maker/32223
ãƒ¡ãƒ¼ã‚«ãƒ¼å‰Šé™¤æ¸ˆã¿",183
11,Utsuho.html,,ç©º,ã†ã¤ã»,24,ç”·,çµ„ç¹”å·¥ä½œå“¡,#4DD7E3,11/11,12/12,60/60,0,10,9,12,10,10,13,15,21,ccb<=60ã€€å¹¸é‹$ccb<=75ã€€ã‚¢ã‚¤ãƒ‡ã‚¢$ccb<=95ã€€çŸ¥è­˜$ccb<=45ã€€ç›®æ˜Ÿ$ccb<=30ã€€èãè€³$ccb<=75ã€€å›³æ›¸é¤¨$ccb<=60ã€€å¿œæ€¥æ‰‹å½“$ccb<=61ã€€ç²¾ç¥åˆ†æ$ccb<=55+10ã€€åŒ»å­¦$ccb<=41+10ã€€è–¬å­¦$ccb<=35+50ã€€å¿ƒç†å­¦$ccb<=31+10ã€€åŒ–å­¦$ccb<=31+10ã€€ç”Ÿç‰©å­¦$ccb<=20+10ã€€åšç‰©å­¦$ccb<=31+10ã€€è‹±èª$ccb<=21+10ã€€ãƒ‰ã‚¤ãƒ„èª$ccb<=35+10ã€€æ³•å¾‹$ccb<=65ã€€ã“ã¶ã—$ccb<=55ã€€ã‚­ãƒƒã‚¯$ccb<=52+20ã€€æ‹³éŠƒ$ccb<=35ã€€è¨€ã„ãã‚‹ã‚$ccb<=11ã€€éš ã‚Œã‚‹$ccb<=5ã€€ã‚¯ãƒˆã‚¥ãƒ«ãƒ•ç¥è©±,è¨˜æ†¶å–ªå¤±$å¥½ããªãŠè“å­ï¼šé‡‘å¹³ç³–$è‡ªåˆ†å‹æ‰‹$åšå­¦$å¼·ãã¦ãƒ‹ãƒ¥ãƒ¼ã‚²ãƒ¼ãƒ ,NOBODY*2ã€HO2ã€‘,å¤§å¥½ãã€‚RPããæ¥½ã—ã„ã€‚,ã‹ã‚ã„ã„ã­,,ä¸–ç•Œã‚’å¤‰ãˆã¦ã—ã¾ã£ãŸå…±çŠ¯ã€‚ä¸€ç·’ã«è‰²ã€…é ‘å¼µã£ã¦è¡ŒããŸã„,ã‹ã‚ã„ã„ã€ãŠå…„ã¡ã‚ƒã‚“ã¨ä»²è‰¯ãã­,è‰²ã€…ã¨ãšã‚‹ã„ã€ã ãŒãã“ãŒã„ã„,å‰µé€ ä¸»,172
12,Kasumi_Utsuho.html,,éœå·³ç©º,ã‹ã™ã¿ã†ã¤ã»,17,ç”·,é«˜æ ¡2å¹´ç”Ÿ,#4DD7E3,11/11,12/12,55/60,0,10,9,12,10,10,13,15,10,ccb<=60 å¹¸é‹$ ccb<=75 ã‚¢ã‚¤ãƒ‡ã‚¢$ ccb<=50 çŸ¥è­˜$ ccb<=45 ç›®æ˜Ÿ$ ccb<=30 èãè€³$ ccb<=75 å›³æ›¸é¤¨$ ccb<=50 å¿œæ€¥æ‰‹å½“$ ccb<=51 ç²¾ç¥åˆ†æ$ ccb<=35+50 å¿ƒç†å­¦$ ccb<=31+10 åŒ–å­¦$ ccb<=31+10 ç”Ÿç‰©å­¦$ ccb<=10+10 åšç‰©å­¦$ ccb<=21+10 è‹±èª$ ccb<=11+10 ãƒ‰ã‚¤ãƒ„èª$ ccb<=25+10 æ³•å¾‹$ ccb<=65 ã“ã¶ã—$ ccb<=55 ã‚­ãƒƒã‚¯$ ccb<=35 è¨€ã„ãã‚‹ã‚$ ccb<=11 éš ã‚Œã‚‹,å¥½ããªãŠæ˜¼ï¼šãƒ¡ãƒ­ãƒ³ãƒ‘ãƒ³$å¥½ããªãŠè“å­ï¼šé‡‘å¹³ç³–$å¥½ããªé£²ã¿ç‰©ï¼šã„ã¡ã”ç‰›ä¹³,NOBODYå­¦åœ’,ã‚Šã‚“ãŸã‚ãƒ¼â€¦(Â´;Ï‰;ï½€),è¦‹å®ˆã£ã¦ã‚‹ã‚ˆ,,,,ã©ã®ä¸–ç•Œç·šã§ã‚‚æ„›ã—ã„å¼Ÿ,å‰µé€ ä¸»,172
13,Larme.html,,larme,ã‚‰ã‚‹ã‚€,11,ç”·,è–æ­ŒéšŠ,#00984F,9/9,8/8,37/40,0,9â†’11,8,8,14,17,10â†’16,12,8â†’15,ccb<=40ã€€å¹¸é‹$ccb<=60ã€€ã‚¢ã‚¤ãƒ‡ã‚¢$ccb<=40ã€€çŸ¥è­˜$ccb<=40ã€€èãè€³$ccb<=35ã€€ç›®æ˜Ÿ$ccb<=60ã€€å›³æ›¸é¤¨$ccb<=46ã€€ä»–ã®è¨€èª(è‹±èª)$ccb<=50ã€€æ¯å›½èª(ãƒ•ãƒ©ãƒ³ã‚¹èª)$ccb<=45ã€€èª¬å¾—$ccb<=35ã€€å¿ƒç†å­¦$ccb<=60ã€€èŠ¸è¡“(æ­Œå”±)$ccb<=45ã€€éš ã‚Œã‚‹$ccb<=45ã€€å¿ã³æ­©ã$ccb<=53ã€€å›é¿,ãƒ•ãƒ©ãƒ³ã‚¹ã¯ãƒ‘ãƒªã®å‡ºèº«$å‹‰å­¦ã«ç§€ã§ã¦ã„ã‚‹$ï¼”æ­³ä¸‹ã®å¼ŸãŒã„ã‚‹$ãƒ«ãƒ¼ãƒ«ã‚’å®ˆã‚‰ãªã„äººãŒå«Œã„,ãƒ´ã‚§ãƒ«ãƒã®å¤©ä½¿ã¯æ­»ã‚’æ­Œã†,å¤§äººã«ãªã£ã¦è‡ªç”±ã«æ­Œãˆï¼,åƒ•ã®ã“ã¨è¦šãˆã¦ã¦ã‚ˆï¼ï¼Ÿ,,,èº«é•·æŠœã‹ã•ã‚ŒãŸâ€¦ï¼ï¼(å¹»è¦š),çœŸé¢ç›®ãªå¹´ä¸‹ã‹ã‚ã„ã„,æˆ¦çŠ¯,145
14,Yomosaki_Ruto.html,,å››æ–¹å’²ç‘ å…,ã‚ˆã‚‚ã•ãã‚‹ã†ã¨,22,ç”·,æ¢åµ,#4B5F9E,7/14,11/11,11/55,1D4,13,14,11,8,14,13,13,14,ccb<=55ã€€å¹¸é‹$ccb<=65ã€€ã‚¢ã‚¤ãƒ‡ã‚¢$ccb<=70ã€€çŸ¥è­˜$ccb<=60ã€€ç›®æ˜Ÿ$ccb<=50ã€€èãè€³$ccb<=35ã€€å›³æ›¸é¤¨$ccb<=56ã€€å›é¿$ccb<=35ã€€è¨€ã„ãã‚‹ã‚$ccb<=31ã€€éµé–‹ã‘$ccb<=55ã€€å¿ƒç†å­¦$ccb<=50ã€€è¿½è·¡$ccb<=25ã€€æ³•å¾‹$ccb<=40ã€€é‹è»¢(è»Š)$ccb<=40ã€€çµ„ã¿ã¤ã$ccb<=55ã€€ã“ã¶ã—$ccb<=75ã€€ã‚­ãƒƒã‚¯$ccb<=21ã€€ãƒãƒ¼ã‚·ãƒ£ãƒ«ã‚¢ãƒ¼ãƒ„$ccb<=56ã€€ä»–ã®è¨€èª(è‹±èª),ä¸­å­¦ãƒ†ãƒ‹ã‚¹éƒ¨$é«˜æ ¡ç”Ÿå¾’ä¼šé•·(å¤©å•“)$æ¢åµäº‹å‹™æ‰€Spicaæ‰€é•·(å¤©å•“)$6æ­³å¹´ä¸Šã®å§‰ãŒã„ã‚‹,åŒå±…äººã€HOç„¡ã€‘,äººäº‹ã‚’å°½ãã—ã¦å¤©å•“ã‚’å¾…ã¤,å¤§ä¸ˆå¤«ã€‚ãšã£ã¨ãã°ã«ã„ã‚‹,,,,å®ˆã‚‰ã‚Œã¦ãŸã­;;,https://picrew.me/image_maker/625951,174
15,Toki_mitsuru.html,,å‡å­£å¯†,ã¨ãã¿ã¤ã‚‹,32,ç”·,ç²¾ç¥ç§‘åŒ»,#7CA1F0,12/12,11/11,54/55,0,10,11,11,10,10,12,11,18,ccb<=55 å¹¸é‹$ccb<=55 ã‚¢ã‚¤ãƒ‡ã‚¢$ccb<=90 çŸ¥è­˜  $ccb<=35 èãè€³$ccb<=50 ç›®æ˜Ÿ$ccb<=55 å›³æ›¸é¤¨$ccb<=60 å¿œæ€¥æ‰‹å½“$ccb<=81 ç²¾ç¥åˆ†æ$ccb<=65 å¿ƒç†å­¦$ccb<=50 åŒ»å­¦$ccb<=45 æ©Ÿæ¢°ä¿®ç†$ccb<=45 é›»æ°—ä¿®ç†$ccb<=46 è–¬å­¦$ccb<=21 ç”Ÿç‰©å­¦$ccb<=31 ä»–è¨€èªï¼ˆè‹±èªï¼‰$ccb<=16 ä»–è¨€èªï¼ˆãƒ‰ã‚¤ãƒ„èªï¼‰$ccb<=35 è¨€ã„ãã‚‹ã‚,æ—¥èª²ã¯å§‹æ¥­å‰ã«ã‚³ãƒ¼ãƒ’ãƒ¼é£²ã‚€ã“ã¨(è§’ç ‚ç³–2å€‹)$ç”˜å…š$é«ªã®æ¯›ã¯è…°ä½ã®é•·ã•$ãŸã¾ã«çœ¼é¡ã‚’ã‹ã‘ã‚‹,ç´¡å‘½è«–ã¨ã‚·ãƒ³ã‚®ãƒ¥ãƒ©ãƒªãƒ†ã‚£$ã€HO4ã€‘,ã±ã‚“ã¡ï¼,ã‹ã£ã“ã‚ˆã‹ã£ãŸãœ,,ãƒ­ãƒ¼ãƒ«ã¯æœ€é«˜ã§ã—ãŸãƒ­ãƒ¼ãƒ«ã¯ã€ã‚ã¨ä¿¡å¿µè²«ã„ã¦ã‚‹ã¨ã“ã‚ã¨ã‹ã­ã€ç§ãŒã‚‚ã£ã¨å¼·ã‘ã‚Œã°â€¦ï¼,ç¬‘é¡”ã®çµ¶ãˆãªã„è·å ´,åŒå¿—ã‚ˆï¼,https://picrew.me/image_maker/134965,170
16,Yumehami_Baku.html,,å¤¢è•ã°ã,ã‚†ã‚ã¯ã¿ã°ã,ï¼Ÿ,å¥³,å¤¢ã®ç®¡ç†äºº/Vtuber,#FEECD8,,,,,,,,,,,,,,https://emoklore.charasheet.jp/edit/75490$å¤¢è¦‹ã®å¦–ç²¾é€šéã—ã¦ã‹ã‚‰è¦‹ã¦ã­,ã‚¨ãƒ¢ã‚¯ãƒ­ã‚¢ã€€å¤¢è¦‹ã®å¦–ç²¾,ã‚·ãƒ³ãƒ—ãƒ«ã‹ã‚ã„ã„æ ,ã»ã‚ã»ã‚ã‹ã‚ã„ã„,,ã‹ã‚ã„ã„ã„,,ã‚·ãƒ³ãƒ—ãƒ«ã«ã‹ã‚ã„ã‹ã£ãŸ,https://picrew.me/image_maker/41329,
17,Arche_Lifar.html,,Arche Lifar,ã‚ã‚‹ã—ã‚…ãƒ»ã‚Šãµããƒ¼ã‚‹,29,ç”·,å¸ç¥­,#B7282E,5/11,11/14,24/70,1D4,15,7,14,10,14,15,16,15,ccb<=70ã€€å¹¸é‹$ccb<=70ã€€ã‚¢ã‚¤ãƒ‡ã‚¢$ccb<=80ã€€çŸ¥è­˜$ccb<=40ã€€ç›®æ˜Ÿ$ccb<=50ã€€èãè€³$ccb<=50ã€€å›³æ›¸é¤¨$ccb<=55ã€€ã‚ªã‚«ãƒ«ãƒˆ$ccb<=60ã€€å¿ƒç†å­¦$ccb<=50ã€€èª¬å¾—$ccb<=50ã€€æ­´å²$ccb<=70ã€€ä¿¡ç”¨$ccb<=46ã€€ä»–ã®è¨€èª(ãƒ©ãƒ†ãƒ³èª)$ccb<=35ã€€å¿œæ€¥æ‰‹å½“$ccb<=36ã€€ç²¾ç¥åˆ†æ$ccb<=80ã€€ãƒŠã‚¤ãƒ•$ccb<=50ã€€å›é¿$ccb<=26ã€€å¤‰è£…$ccb<=47ã€€ã‚¯ãƒˆã‚¥ãƒ«ãƒ•ç¥è©±$$1d4+2+1d4ã€€ãƒŠã‚¤ãƒ•,ä¸¡è¦ªã®ã“ã¨ã¯çŸ¥ã‚‰ãªã„$åŸºæœ¬çš„ã«ç‰©è…°æŸ”ã‚‰ã‹$äººç•œç„¡å®³ãªé¡”ã—ã¦ã‚‹$äººç”Ÿã¨ä¿¡ä»°ã¨é­‚ã‚’æ±šã•ã‚ŒãŸç”·,ã‚¸ãƒ£ãƒ³ãƒŒã®çŒŸçŠ¬ã€HO3ã€‘,"é¡”ã¨å­˜åœ¨ãŒãˆã£ã¡ã™ãã‚‹
ã‚ˆãé ‘å¼µã‚Šã¾ã—ãŸ","ãŠã¾ã¾ã¾ã¾ã¾ã¾
å®ˆã£ã¦ãã‚Œã¦ã‚ã‚ŠãŒã¨ã†ã­ï¼Ÿ",,ãˆã£ã¡,ãã†ã§ã—ã‚‡,é¡”ãŒã‚¨ãƒ­ã„,æˆ¦çŠ¯,185
18,Ron.html,,æ „å’Œ,ã‚ã‚“,28,å¥³,å¸‚å½¹æ‰€å½¹å“¡(éƒ½å¸‚ä¼èª¬èª²),#ACA7BB,9/11,13/13,0/65,1D4,14,10,13-5,7,9+1,12,13,14,ccb<=65ã€€å¹¸é‹$ccb<=65ã€€ã‚¢ã‚¤ãƒ‡ã‚¢$ccb<=70ã€€çŸ¥è­˜$ccb<=55ã€€ç›®æ˜Ÿ$ccb<=65ã€€èãè€³$ccb<=45ã€€å›³æ›¸é¤¨$ccb<=54ã€€å›é¿$ccb<=35ã€€å¿ƒç†å­¦$ccb<=45ã€€å¿œæ€¥æ‰‹å½“$ccb<=46ã€€ç²¾ç¥åˆ†æ$ccb<=30ã€€è¨€ã„ãã‚‹ã‚$ccb<=30ã€€è¿½è·¡$ccb<=40ã€€ã‚ªã‚«ãƒ«ãƒˆ$ccb<=75ã€€å¤ªåˆ€$ccb<=65ã€€çŸ­åˆ€$$2d8+1d4ã€€å¤ªåˆ€$1d4+1d4ã€€çŸ­åˆ€,ã‚¢ãƒŠãƒ­ã‚°ã‚²ãƒ¼ãƒ ãŒå¥½ã$ä¸€ç•ªå¥½ããªã®ã¯éº»é›€$å…¨è‡ªå‹•éº»é›€å“ãŒæ¬²ã—ã„(çµŒè²»ã§)$ã‚¹ã‚¿ã‚¤ãƒªãƒƒã‚·ãƒ¥ãŠå§‰ã•ã‚“(ãƒãƒ³)$æ­¦å™¨ã¯å¤ªåˆ€ã€ãŠå®ˆã‚Šã«å°åˆ€,ã‚ˆã†ã“ãï¼è¿·å†¥å¸‚å½¹æ‰€éƒ½å¸‚ä¼èª¬èª²ã¸ï¼ã€HO1ã€‘,ãƒãƒï½ï¼,,æœ€å¾Œã¡ã‚ƒã‚“ã¨ãŠåˆ¥ã‚Œã®è¨€è‘‰ã‚’ä¼ãˆã‚Œã¦ã‚ˆã‹ã£ãŸã€‚,,,ã‹ã£ã“ã‚ˆã‹ã£ãŸæœ€æœŸã¾ã§,ä¸Šå¸,165
19,Kochiya_Kaoru.html,,æ±é¢¨è°·è–«,ã“ã¡ã‚„ã‹ãŠã‚‹,18,ç”·,é«˜æ ¡ç”Ÿ(ã‚ªã‚«ãƒ«ãƒˆéƒ¨å‰¯éƒ¨é•·/ä¿å¥å§”å“¡),#585C82,10/10,11/11,40/55,0,9,5,11,8,11,14,11,12,ccb<=55ã€€å¹¸é‹$ccb<=55ã€€ã‚¢ã‚¤ãƒ‡ã‚¢$ccb<=60ã€€çŸ¥è­˜$ccb<=35ã€€ç›®æ˜Ÿ$ccb<=50ã€€èãè€³$ccb<=75ã€€å›³æ›¸é¤¨$ccb<=45ã€€ã‚ªã‚«ãƒ«ãƒˆ$ccb<=25ã€€ãƒŠãƒ“ã‚²ãƒ¼ãƒˆ$ccb<=25ã€€è¨€ã„ãã‚‹ã‚$ccb<=11ã€€å¤©æ–‡å­¦$ccb<=35ã€€å¿ƒç†å­¦$ccb<=40ã€€ä¿¡ç”¨$ccb<=51ã€€ç²¾ç¥åˆ†æ$ccb<=60ã€€å¿œæ€¥æ‰‹å½“$ccb<=20ã€€åŒ»å­¦$ccb<=20ã€€åšç‰©å­¦$ccb<=36ã€€å›é¿,ã²ã‚‡ã‚ã„ã‚‚ã‚„ã—$æ—¥å…‰ã‚¢ãƒ¬ãƒ«ã‚®ãƒ¼$ä¿å¥å®¤ã®å¸¸é€£$å§‰ã¨å¦¹ã«æŒŸã¾ã‚ŒãŸé•·ç”·$çªç„¶ã®å¥‡è¡Œ(è¨€è‘‰è¶³ã‚‰ãš),Bye-Bye Summer Days,é›·åŒã®é ­ã‚’æ’«ã§ãŸã®ã¯ã€ç¹°ã‚Šè¿”ã™ä¸–ç•Œã§å¤‰ã‚ã‚‰ãªã„é›·åŒã«å°‘ã—å®‰å¿ƒã—ã¦ã‚‹ã‹ã‚‰ã§ã™,ã™ã€€ã,,ã‹ã‚ã„ã€œã€œå­ã€ç§ã‚‚é ­ãªã§ãªã§ã—ãŸã„,ä»²è‰¯ãã—ãŸã„ã„ã„ã„ã„ã„,ãªã‚“ã§é›·åŒã®é ­æ’«ã§ãŸã‚“ã§ã™ã‹ï¼ï¼Ÿ,å‰µé€ ä¸»,180
20,Himeragi_Ritsuka.html,,å§«æŸŠå¾‹è€¶,ã²ã‚ã‚‰ãã‚Šã¤ã‹,25,ç”·,ãƒ•ãƒªãƒ¼ã‚¿ãƒ¼,#764699,11/12,16/16,55/80,1D4,14,11,16,10,10,13,12,16,"ccb<=80ã€€å¹¸é‹
$ccb<=60ã€€ã‚¢ã‚¤ãƒ‡ã‚¢
$ccb<=80ã€€çŸ¥è­˜
$ccb<=50ã€€ç›®æ˜Ÿ
$ccb<=75ã€€èãè€³
$ccb<=35ã€€å›³æ›¸é¤¨
$ccb<=80ã€€éš ã™
$ccb<=80ã€€å¿ã³æ­©ã
$ccb<=50ã€€å›é¿
$ccb<=55ã€€èŠ¸è¡“(åŒ–ç²§)
$ccb<=55ã€€åˆ¶ä½œ(äººå½¢)
$ccb<=45ã€€ä¿¡ç”¨
$ccb<=55ã€€é‰ˆ
$ccb<=50ã€€çµ„ä»˜ã
$
$1d6+1+1d4ã€€é‰ˆ
",å¥³è£…ç”·å­$ã‹ã‚ã„ã„ã‚‚ã®å¤§å¥½ã$ã ã‹ã‚‰ãŠäººå½¢éŠã³ã™ã‚‹,é›¨é™ã‚‰ã—ã®è¶ã€HO1ã€‘,ã“ã†ã„ã†ã‚­ãƒ£ãƒ©ã®RPãŒä¸€ç•ªå¥½ãã‹ã‚‚ã—ã‚Œãªã„,äººç”Ÿæ¥½ã—ãã†ã ã­ï½^^,,,å«Œã„ï¼ï¼ï¼ã§ã‚‚ã‚‚ã£ã¨éŠã³ãŸã„ï¼ï¼ï¼,å¥½ãï¼ï¼ï¼ã§ã‚‚è¿‘å¯„ã‚‰ãªã„ã§ï¼ï¼ï¼,https://picrew.me/image_maker/139707,171
21,Yasaka_Rui.html,,å…«å‚ç¸²,ã‚„ã•ã‹ã‚‹ã„,20,å¥³,æ–‡å­¦éƒ¨2å¹´ç”Ÿ,#FF336E,8/8,14/14,70/70,0,14,7,14,10,15,9,13,12,ccb<=70ã€€å¹¸é‹$ccb<=65ã€€ã‚¢ã‚¤ãƒ‡ã‚¢$ccb<=60ã€€çŸ¥è­˜$ccb<=40ã€€èãè€³$ccb<=55ã€€ç›®æ˜Ÿ$ccb<=75ã€€å›³æ›¸é¤¨$ccb<=60ã€€å¿œæ€¥æ‰‹å½“$ccb<=40ã€€å¿ƒç†å­¦$ccb<=41ã€€ä»–è¨€èªï¼ˆè‹±èªï¼‰$ccb<=60ã€€å›é¿$ccb<=70ã€€æ­´å²$ccb<=55ã€€ä¿¡ç”¨$ccb<=65ã€€ã‚­ãƒƒã‚¯ï¼ˆåšåº•é´ï¼‰,ãƒ“ã‚¸ãƒã‚¹ãƒ¤ãƒ³ãƒ‡ãƒ¬$æ ¹ã¯çœŸé¢ç›®$è»¢å‹¤æ—$è¸ã¿ã¤ã‘(åšåº•é´),è¾œæœˆã®Nã€HOç®±ã€‘,"ã‹ã‚ã„ã„ã„ã„ã“
ä¿ºã¯ç§˜åŒ¿ã‚’è©±ã—ãŸï¼ï¼ï¼",,,ã‚ã¡ã‚ƒå¥½ãã ã—ãƒ­ãƒ¼ãƒ«ã‚ã¡ã‚ƒã‚ã¡ã‚ƒã‚ˆã‹ã£ãŸã‘ã©åŒå“ã‚ã‚“ã¾ã‚Šã—ãŸããªã„,ãªã‚“ãªã‚“ã‚‚ãªã‚“ãªã‚“,ç™¾åˆãŒæœ€é«˜ã ã£ãŸ,æˆ¦çŠ¯,150
22,Seseragi_Shinobu.html,,ç´°æµå¿,ã›ã›ã‚‰ãã—ã®ã¶,21,ç”·,çµŒæ¸ˆå­¦éƒ¨3å¹´ç”Ÿ,#086776,15/15,9/9,45/45,0,8,13,9,11,13,16,10,15,ccb<=45ã€€å¹¸é‹$ccb<=50ã€€ã‚¢ã‚¤ãƒ‡ã‚¢$ccb<=75ã€€çŸ¥è­˜$ccb<=50ã€€ç›®æ˜Ÿ$ccb<=40ã€€èãè€³$ccb<=65ã€€å›³æ›¸é¤¨$ccb<=30ã€€ã‚ªã‚«ãƒ«ãƒˆ$ccb<=45ã€€èŠ¸è¡“(ã‚³ãƒ¡ãƒ³ãƒˆ)$ccb<=55ã€€èª¬å¾—$ccb<=41ã€€ä»–ã®è¨€èª(è‹±èª)$ccb<=45ã€€æ­´å²$ccb<=35ã€€å¿ƒç†å­¦$ccb<=41ã€€ç²¾ç¥åˆ†æ$ccb<=30ã€€å¿œæ€¥æ‰‹å½“$ccb<=30ã€€éš ã‚Œã‚‹$ccb<=45ã€€éš ã™$ccb<=52ã€€å›é¿,å¤§å­¦ãƒ‡ãƒ“ãƒ¥ãƒ¼ç³»ã‚ªã‚¿ã‚¯$å¹´é½¢ï¼å½¼å¥³ã„ãªã„æ­´DT,ã‚­ãƒ«ã‚­ãƒ«ã‚¤ã‚­ãƒ«,åˆ¥ä¸–ç•Œç·šã«é£›ã°ã•ã‚ŒãŸã‚ªã‚¿ã‚¯,,ç´”ç²‹ã«é ­ã„ã„,,ã¾ã ç”Ÿãã¦ã¾ã™ã‚ˆ,ã‚ªã‚¿ã‚¯ãã†ã„ã†æ­»ã«æ–¹å¥½ã,æˆ¦çŠ¯,186
23,Shiranui_Hazeru.html,,ä¸çŸ¥ç«çˆ†,ã—ã‚‰ã¬ã„ã¯ãœã‚‹,18,ç”·,é«˜æ ¡3å¹´ç”Ÿ,#F9E97A,10/10,10/10,50/50,0,13,9,10,10,14,10,13,11,"ccb<=50ã€€å¹¸é‹
$ccb<=65ã€€ã‚¢ã‚¤ãƒ‡ã‚¢
$ccb<=55ã€€çŸ¥è­˜
$ccb<=45ã€€èãè€³
$ccb<=75ã€€ç›®æ˜Ÿ
$ccb<=65ã€€å›³æ›¸é¤¨
$ccb<=60ã€€å¿œæ€¥æ‰‹å½“
$ccb<=31ã€€ä»–è¨€èª(è‹±èª)
$ccb<=15ã€€ã‚ªã‚«ãƒ«ãƒˆ
$ccb<=50ã€€å›é¿
$ccb<=45ã€€è·³èº
$ccb<=45ã€€ä¿¡ç”¨
$ccb<=45ã€€èª¬å¾—
$ccb<=25ã€€å¿ƒç†å­¦
$ccb<=65ã€€ã‚­ãƒƒã‚¯$ccb<=3ã€€ã‚¯ãƒˆã‚¥ãƒ«ãƒ•ç¥è©±",æ¨è–¦ã§å¤§å­¦è¡Œãç³»é™½ã‚­ãƒ£$å‰¯ç”Ÿå¾’ä¼šé•·ã§ãƒã‚¹ã‚±éƒ¨$å¥³ã®å­ãŒå¥½ã$èƒŒãŒä½ã„ã“ã¨ã‚’æ°—ã«ã—ã¦ã„ã‚‹$ç«¥é¡”ãªã®ã¯å¥½ã,å¥‡å¥‡æ€ªæ€ªåŒå¥½ä¼š,"é™½ã‚­ãƒ£
ãŠã­ãƒ¼ã•ã‚“â™¡ã£ã¦å‘¼ã¶ã®å¥½ã",ã˜ã‚“ã±ã¡ã®ç‹é“,,ãŠã­ãƒ¼ã•ã‚“ã¨ä¸€ç·’ã«éŠã³ã«è¡Œã“ã†ã‚ˆ,,ä»Šåº¦ã¯ç››ã‚ŒãŸãƒ—ãƒªæ’®ã‚Œã‚‹ã¨ã„ã„ã­,"https://picrew.me/image_maker/19771
å·®åˆ†ä»˜ã‘è¶³ã—",159
24,Uwabami_Mari.html,,èŸ’è›‡ç—²è‰,ã†ã‚ã°ã¿ã¾ã‚Š,17,å¥³,é«˜æ ¡2å¹´ç”Ÿ,#974DB8,15/15,14/14,14/70,0,5,15,14,16,12,12,14,10,ccb<=70ã€€å¹¸é‹$ccb<=70ã€€ã‚¢ã‚¤ãƒ‡ã‚¢$ccb<=50ã€€çŸ¥è­˜$ccb<=75ã€€èãè€³$ccb<=65ã€€ç›®æ˜Ÿ$ccb<=55ã€€å›³æ›¸é¤¨$ccb<=60ã€€å¿œæ€¥æ‰‹å½“$ccb<=50ã€€é‹è»¢(æ™®é€šäºŒè¼ª)$ccb<=35ã€€èŠ¸è¡“(æ›¸é“)$ccb<=41ã€€ç²¾ç¥åˆ†æ$ccb<=25ã€€å¿ƒç†å­¦$ccb<=55ã€€è¨€ã„ãã‚‹ã‚$ccb<=52ã€€å›é¿$ccb<=20ã€€éš ã‚Œã‚‹,è¶£å‘³ã¯éŸ³æ¥½èãã“ã¨$å¥½ããªæœ¬ã®ã‚¸ãƒ£ãƒ³ãƒ«ã¯ãƒŸã‚¹ãƒ†ãƒªãƒ¼$ä¸Šã«4ã¤é›¢ã‚ŒãŸå…„,ç‰‡é±—ã€HOé«˜æ ¡ç”Ÿã€‘,æƒ³å®šã—ã¦ãŸRPã¯å‡ºæ¥ãªã‹ã£ãŸã‘ã©ã“ã‚Œã¯ã“ã‚Œã§ã‚ˆã—ï¼,,,,,æ¥½ã—ãç”Ÿãã¦ã»ã—ã„,å‰µé€ ä¸»,167
25,Magatsuhi_Mikoto.html,,ç¦çµ‚å‘½,ã¾ãŒã¤ã²ã¿ã“ã¨,25,ç”·,ãƒ›ã‚¹ãƒˆ,#C10E49,15/15,12/12,55/60,1D4,11,15,12,7,15,14,15,11,ccb<=60ã€€å¹¸é‹$ccb<=75ã€€ã‚¢ã‚¤ãƒ‡ã‚¢$ccb<=55ã€€çŸ¥è­˜$ccb<=65ã€€èãè€³$ccb<=60ã€€ç›®æ˜Ÿ$ccb<=35ã€€å›³æ›¸é¤¨$ccb<=50ã€€å¿œæ€¥æ‰‹å½“$ccb<=41ã€€ç²¾ç¥åˆ†æ$ccb<=45ã€€å¿ƒç†å­¦$ccb<=15ã€€è¨€ã„ãã‚‹ã‚$ccb<=55ã€€èª¬å¾—$ccb<=30ã€€éš ã‚Œã‚‹$ccb<=64ã€€å›é¿$ccb<=60ã€€ã‚­ãƒƒã‚¯$ccb<=31ã€€ãƒãƒ¼ã‚·ãƒ£ãƒ«ã‚¢ãƒ¼ãƒ„$$1d6+1d4ã€€ã‚­ãƒƒã‚¯,NO.3ãƒ›ã‚¹ãƒˆ$æºæ°åã¯MIKOTO$ãƒãƒ£ãƒ¼ãƒ ãƒã‚¤ãƒ³ãƒˆã¯å…«é‡æ­¯â™¡$ãŠé…’ã¯ãã‚Œãªã‚Šã«å¼·ã„$ã‚­ãƒ©ã‚­ãƒ©ã—ãŸã‚‚ã®ãŒå¥½ã,Oh\ My Babyã€HO1ã€‘,"ã‚ã¡ã‚ƒæ¥½ã—ï½ï¼ï¼ï¼
ç¶™ç¶šã§èª°ã‹ã¨ãŠã—ã‚ƒã¹ã‚Šã—ãŸã„",,,,,æŸ”ã‚‰ã‹DVç”·,"https://picrew.me/image_maker/11689
å·®åˆ†ä»˜ã‘è¶³ã—",175
26,Mozu.html,,ç™¾èˆŒé³¥,ã‚‚ãš,23,?,?,#91BCB5,11/11,15/15,75/75,0,12,10,15,14,15,11,20,11,ccb<=75ã€€å¹¸é‹$ccb<=95ã€€ã‚¢ã‚¤ãƒ‡ã‚¢$ccb<=55ã€€çŸ¥è­˜$ccb<=50ã€€ç›®æ˜Ÿ$ccb<=50ã€€èãè€³$ccb<=28ã€€å›é¿,å¤©ç„¶ã§ã‚„ã‚„é›»æ³¢,ãƒ‡ã‚¦ã‚¹ãƒ»ã‚¨ã‚¯ã‚¹ãƒ»ãƒã‚­ãƒŠã¯æ­»ã‚“ã ã€HOã‚«ãƒŸã€‘,ã‚†ã‚‹ãµã‚ã‹ã¿ã•ã¾,ç¶ºéº—ã ã­ã€äºŒäººä»²è‰¯ãã­,ãŠã­ãˆã•ã‚“ã£ï¼ï¼çŒ«è€³ä¼¼åˆã£ã¦ã‚‹ã‚ˆï¼ï¼,ã‹ã‚ã„ã„ï½ï¼ï¼,,,ä¸Šå¸,165
27,Shisui_Toru.html,,ç‹‹ç¿ é€,ã—ã™ã„ã¨ãŠã‚‹,22,ç”·,æ–°ç±³åˆ‘äº‹,#FBE340,10/10,16/16,80/80,0,11,9,16,15,10,10,18,15,ccb<=80ã€€å¹¸é‹$ccb<=90ã€€ã‚¢ã‚¤ãƒ‡ã‚¢$ccb<=75ã€€çŸ¥è­˜$ccb<=35ã€€ç›®æ˜Ÿ$ccb<=40ã€€èãè€³$ccb<=75ã€€å›³æ›¸é¤¨$ccb<=50ã€€å›é¿$ccb<=35ã€€å¿ƒç†å­¦$ccb<=50ã€€å¿œæ€¥æ‰‹å½“$ccb<=41ã€€ç²¾ç¥åˆ†æ$ccb<=35ã€€è¨€ã„ãã‚‹ã‚$ccb<=60ã€€è¿½è·¡$ccb<=80ã€€å¤ªåˆ€(æ—¥æœ¬åˆ€)$ccb<=41ã€€ãƒãƒ¼ã‚·ãƒ£ãƒ«ã‚¢ãƒ¼ãƒ„$$2d10+2ã€€é›»å­åˆ€(äºŒåˆ€)$1d10+1ã€€é›»å­åˆ€(ä¸€åˆ€),å·¦ç›®ã‚„ä½“ã®è‡³ã‚‹ã¨ã“ã‚ã«å¤å‚·$å¥½ç‰©ã¯ã‚¨ãƒ“ãƒ•ãƒ©ã‚¤ã¨ãƒ—ãƒªãƒ³$å¹´åŠŸåºåˆ—ã¯æ°—ã«ã™ã‚‹æ–¹,VOIDã€HO1ã€‘,"ãƒ„ãƒ³ãƒ„ãƒ³ãƒ„ãƒ³ãƒ„ãƒ³ãƒ‡ãƒ¬
ã„ã„å­ã ã­ï½ï¼ï¼ï¼ï¼ï¼",,å¤©æ‰å›è¦‹å‚ï¼ã£ã¦æ„Ÿã˜ã—ãŸ,,ã‚‚ã†ã“ã„ã¤ä¸€äººã§è‰¯ã„ã‚“ã˜ã‚ƒâ€¦ï¼Ÿ,"å‡ºç›®ãŒä¸»äººå…¬ã®ãã‚Œ
ãƒ­ã‚¤ãƒ‰ã®ãƒ‘ãƒ¼ãƒˆãƒŠãƒ¼ã§ã„ã¦ãã‚Œã¦ã‚ã‚ŠãŒã¨ã†",å‰µé€ ä¸»,159
28,Nano.html,,ä¸ƒåŸœ,ãªã®,13,å¥³,?,#F04B2D,11/11,11/11,31/55,0,15,13,11,11,9,8,9,10,"ccb<=55ã€€å¹¸é‹$ccb<=45ã€€ã‚¢ã‚¤ãƒ‡ã‚¢$ccb<=50ã€€çŸ¥è­˜$ccb<=75ã€€ç›®æ˜Ÿ$ccb<=45ã€€èãè€³$ccb<=65ã€€å›³æ›¸é¤¨
$ccb<=52ã€€å›é¿$ccb<=40ã€€éš ã‚Œã‚‹
$ccb<=41ã€€ç²¾ç¥åˆ†æ$ccb<=45ã€€åŒ»å­¦
$ccb<=25ã€€å¿ƒç†å­¦$ccb<=45ã€€ã‚­ãƒƒã‚¯",åœ°é ­ã‚ˆã‚ã‚ˆã‚$ã§ã‚‚å¤‰ãªã¨ã“ã‚ã§è¡ã„$å¹´é½¢ã®ã‚ã‚Šã«ä¸­èº«ã¯å¹¼ã„,èª°ã‹ãŒæ­»ã‚“ã§ã„ã‚‹ã€HO3ã€‘,æ€ã£ã¦ãŸã‚ˆã‚Šã„ã„ã“ã«ãªã£ã¦ã—ã¾ã£ãŸ,ã“ã®ã‚„ã‚“ã¡ã‚ƒæ„Ÿæœ€é«˜,é«ªã®æ¯›ç·¨ã‚“ã§ã‚ã’ã‚Œãªã‹ã£ãŸã“ã¨ãŒä¸€ç•ªã®å¾Œæ‚”,,å¸Œå°‘ã®ã‚¢ãƒ›ã®å­,,"https://picrew.me/image_maker/20965
å·®åˆ†ä»˜ã‘è¶³ã—",143
29,Nikaido_Sera.html,,äºŒéšå ‚ç€¨ä¾†,ã«ã‹ã„ã©ã†ã›ã‚‰,15,å¥³,é«˜æ ¡1å¹´ç”Ÿ(å›³æ›¸å§”å“¡),#38B48B,11/11,10/10,50/50,1D4,18,13,10,18,15,9,16,13,ccb<=50ã€€å¹¸é‹$ccb<=80ã€€ã‚¢ã‚¤ãƒ‡ã‚¢$ccb<=65ã€€çŸ¥è­˜$ccb<=45ã€€ç›®æ˜Ÿ$ccb<=70ã€€èãè€³$ccb<=85ã€€å›³æ›¸é¤¨$ccb<=64ã€€å›é¿$ccb<=45ã€€æ©Ÿæ¢°ä¿®ç†$ccb<=65ã€€è¨€ã„ãã‚‹ã‚$ccb<=45ã€€å¿œæ€¥æ‰‹å½“$ccb<=45ã€€èŠ¸è¡“(ã‚ªãƒ¼ãƒœã‚¨)$ccb<=51ã€€èŠ¸è¡“(ãŠå¬¢æ§˜)$ccb<=65ã€€å¿ƒç†å­¦$ccb<=50ã€€æ­´å²$ccb<=60ã€€åšç‰©å­¦,,è„±ç„ã¯ä¹™å¥³ã®å—œã¿ã€HO2ã€‘,"è² ã‘ãšå«Œã„ï¼
æœ¬å½“ã®æ„›ã£ã¦ãªã‚“ã ã‚ã†ã­ï¼Ÿ","ã›ã‚‰ã¡ã‚ƒã‚“æ³£æ³£
ã”ã‚ã‚“ã­ã‡ï½ï½ï½",æ¥ä¸–ã§ãŠå‹é”ã«ãªã‚ŠãŸã„ã‚ã‚‹ã€ã€ã€,,æ²¹æ–­ã‚‚éš™ã‚‚ãªã„ã§ã™ã‚â€¦ï¼,ãµã›ã§æ³£ã„ãŸ,æˆ¦çŠ¯/ä¸Šå¸/å‰µé€ ä¸»,146
30,Nekoma.html,,çŒ«é­”,ã­ã“ã¾,?,?,ç¥è©±ç”Ÿç‰©,#F7A57D,40/40,21/21,50/50,3d6,5,15,21,77,10,65,30,11,ccb<=100ã€€å¹¸é‹$ccb<=150ã€€ã‚¢ã‚¤ãƒ‡ã‚¢$ccb<=55ã€€çŸ¥è­˜$ccb<=75ã€€ç›®æ˜Ÿ$ccb<=75ã€€èãè€³$ccb<=25ã€€å›³æ›¸é¤¨$ccb<=60ã€€è·³èº$ccb<=20ã€€ãƒŠãƒ“ã‚²ãƒ¼ãƒˆ$ccb<=55ã€€éš ã™$ccb<=85ã€€èŠ¸è¡“(ã‚‚ãµã‚‚ãµ)$ccb<=74ã€€èŠ¸è¡“(æ¯›ç¹•ã„)$ccb<=65ã€€çŒ«ãƒ‘ãƒ³ãƒ$ccb<=45ã€€ã‹ãçˆª$ccb<=5ã€€ã‚¯ãƒˆã‚¥ãƒ«ãƒ•ç¥è©±$$3d6ã€€çŒ«ãƒ‘ãƒ³ãƒ$1d6+3d6ã€€ã‹ãçˆª,"çŒ«ã®ç‹æ§˜$å¥½ããªã‚‚ã®ã¯æ—¥å‘ã¼ã£ã“ã¨ãƒ‹ãƒ³ã‚²ãƒ³$èªå°¾ã®""ã«ã‚ƒã‚“""ã¯å¾Œä»˜ã‘$å¤§ãã•å¯å¤‰$ä¸€äººç§°ã¯""ã«ã‚ƒï½""$AFï¼šãƒ´ã‚§ãƒ¼ãƒ«ã®çŸ³",æ„›é£¢ã‚‘ãƒ²ãƒ¯ãƒ«ã€HOç¥è©±ç”Ÿç‰©ã€‘,"ã«ã‚ƒï½
ã‚‚ãµã‚‚ãµã‚‚ãµï½",ã‚‚ãµã‚‚ãµã‚‚ãµã‚‚ãµ,ãšã£ã¨ä¸€ç·’ã«ã„ã¦ã»ã—ã„,,,ã‚‚ãµã‚‚ãµã‚‚ãµã€œã€œã€œ,ä¸Šå¸,300
31,Kimi.html,,ãã¿,ãã¿,21,ç”·,å¤©ç½,#FF2FA2,15/15,1000/1000,70/70,1D4,13,16,14,9,11,14,12,13,ccb<=70ã€€å¹¸é‹$ccb<=60ã€€ã‚¢ã‚¤ãƒ‡ã‚¢$ccb<=65ã€€çŸ¥è­˜$ccb<=95ã€€ç›®æ˜Ÿ$ccb<=95ã€€èãè€³$ccb<=95ã€€å›³æ›¸é¤¨$ccb<=95ã€€å›é¿$ccb<=90ã€€å¤©æ–‡å­¦$ccb<=95ã€€ã‚µãƒ–ãƒã‚·ãƒ³ã‚¬ãƒ³,è‡ªç”±äºº$æ¥½ã—ã„ã“ã¨ãŒå¥½ã$è‡ªåˆ†ãŒä¸€ç•ªã‹ã‚ã„ã„$ã§ã‚‚ãªã‚“ã ã‹ã‚“ã ã‚ãã«ã¯ç”˜ã„,World End Breakersã€HOå¤©ç½ã€‘,"é©å½“ã«ã—ã‚ƒã¹ã£ã¦ã‚‹ã ã‘
ã‚ãã¡ã‚ƒã‚“å¤§äº‹ã«ã—ã‚ã‚ˆãª",,,,,,"https://picrew.me/image_maker/27716
å·®åˆ†ä»˜ã‘è¶³ã—",176
32,Kuze_Tsumugu.html,,ä¹…ä¸–ç´¡,ããœã¤ã‚€ã,27,ç”·,ç‰©æ›¸ã(ãƒ•ãƒªãƒ¼ã‚¿ãƒ¼),#7FD6E2,3/14,11/11,0/55,0â†’1d6,8+8,16,11,14,9-5,11+8,14-7,12,ccb<=55ã€€å¹¸é‹$ccb<=70ã€€ã‚¢ã‚¤ãƒ‡ã‚¢$ccb<=60ã€€çŸ¥è­˜$ccb<=75ã€€ç›®æ˜Ÿ$ccb<=45ã€€èãè€³$ccb<=65ã€€å›³æ›¸é¤¨$ccb<=60ã€€æ­´å²$ccb<=75ã€€ã“ã¶ã—$ccb<=52ã€€å›é¿$ccb<=45ã€€èª¬å¾—$ccb<=30ã€€èŠ¸è¡“(ãƒ”ã‚¢ãƒ)$ccb<=35ã€€èŠ¸è¡“(ãƒ€ã‚¤ãƒ“ãƒ³ã‚°)$ccb<=30ã€€è£½ä½œ(ã‚«ã‚¯ãƒ†ãƒ«)$ccb<=40ã€€åšç‰©å­¦,ãƒ•ãƒªãƒ¼ãƒ€ãƒ ã§ãƒã‚¤ãƒšãƒ¼ã‚¹$ã¨ã‚Šã‚ãˆãšã‚„ã£ã¦ã¿ã‚‹ã‚¿ã‚¤ãƒ—$ç‰©æ›¸ãã«ãªã£ãŸã®ã¯ä¸€é€±é–“å‰$ãã‚“ãªã«æ¬²ãŒãªã„,Good Morning\ ALLã€HOé‡ç—…äººã€‘,æœ€æœŸã«ãƒ•ãƒ­ãƒ¼ã¡ã‚ƒã‚“ã«å‡ºä¼šãˆã¦ã‚ˆã‹ã£ãŸã­,,,,,ä¸€ç·’ã«ã„ã‚‹ã®æ¥½ã—ã‹ã£ãŸã®ã«ãªâ€¦,https://picrew.me/image_maker/1369676,164
33,Sudama_Saki.html,,é­‘é­…é­,ã™ã ã¾ã•ã,27,å¥³,ãƒ›ãƒ©ãƒ¼ä½œå®¶,#7B788A,10/10,12/12,60/60,0,10,8,12,11,8,12,15,12,ccb<=60ã€€å¹¸é‹$ccb<=75ã€€ã‚¢ã‚¤ãƒ‡ã‚¢$ccb<=60ã€€çŸ¥è­˜$ccb<=35ã€€ç›®æ˜Ÿ$ccb<=50ã€€å¹¸é‹$ccb<=75ã€€èãè€³$ccb<=37ã€€å›é¿$ccb<=45ã€€å¿œæ€¥æ‰‹å½“$ccb<=45ã€€å¿ƒç†å­¦$ccb<=35ã€€åŒ»å­¦$ccb<=70ã€€ã‚ªã‚«ãƒ«ãƒˆ$ccb<=55ã€€èª¬å¾—$ccb<=40ã€€æ­´å²$ccb<=50ã€€èŠ¸è¡“(å¦„æƒ³)$ccb<=60ã€€ã‚­ãƒƒã‚¯,ãƒŸã‚¹ãƒ†ãƒª/ãƒ›ãƒ©ãƒ¼ä½œå®¶$å…ƒã€…è…ã®äºŒæ¬¡å‰µä½œå­—æ›¸ã$ããŸã®ã‚ˆãã‚‰ã€ˆé­æ˜Ÿã€‰$ä»£è¡¨ä½œã€Œã‚ˆã‚‹ã®ã“ã©ã‚‚ã€,æ—…é¤¨ã®æ•é£Ÿè€…ã€HO2ã€‘,å¤§äººã£ã½ã„ã‘ã©ã‚„ã£ã±ã‚Šå­ä¾›ã ã­,è¡Œã‹ãªã„ã§ï½ï½,,,,ç²¾ç¥çš„æ”¯æŸ±,https://picrew.me/image_maker/1140610,168
34,Louisa_Meer_Wolf.html,,Louisaãƒ»Meerãƒ»Wolf,ã‚‹ã„ãƒ¼ã–ãƒ»ã‚ãƒ¼ã‚ãƒ»ãƒ´ã‰ã‚‹ãµ,31,å¥³,å°†è»,#FFE632,14/14,14/14,70/70,1D4,12,13,14,11,13,14,10,16,ccb<=70 ã€€å¹¸é‹$ccb<=50 ã€€ã‚¢ã‚¤ãƒ‡ã‚¢$ccb<=80 ã€€çŸ¥è­˜$ccb<=45 ã€€èãè€³$ccb<=60 ã€€ç›®æ˜Ÿ$ccb<=75 ã€€å›³æ›¸é¤¨$ccb<=57 ã€€å›é¿$ccb<=60 ã€€å¿œæ€¥æ‰‹å½“$ccb<=41 ã€€ç²¾ç¥åˆ†æ$ccb<=71 ã€€æ“ç¸¦(è»è‰¦)$ccb<=35 ã€€ä¿¡ç”¨$ccb<=15 ã€€å¿ƒç†å­¦$ccb<=55 ã€€ã‚­ãƒƒã‚¯$ccb<=60 ã€€æ‹³éŠƒ$ccb<=55 ã€€ã‚µãƒ–ãƒã‚·ãƒ³ã‚¬ãƒ³,,è¹‚èº™ã™ã‚‹ã¯æˆ‘ãŒæ‰‹ã«ã¦ã€HO2ã€‘,,å¼·ã„å¥³æœ€é«˜,,,,,ğŸ¦/ã ã¾,178
35,,,,,,,,,,,,,,,,,,,,,,,,,,,,,,,
36,,,,,,,,,,,,,,,,,,,,,,,,,,,,,,,
37,,,,,,,,,,,,,,,,,,,,,,,,,,,,,,,
38,,,,,,,,,,,,,,,,,,,,,,,,,,,,,,,
39,,,,,,,,,,,,,,,,,,,,,,,,,,,,,,,
40,,,,,,,,,,,,,,,,,,,,,,,,,,,,,,,
41,,,,,,,,,,,,,,,,,,,,,,,,,,,,,,,
42,,,,,,,,,,,,,,,,,,,,,,,,,,,,,,,
43,,,,,,,,,,,,,,,,,,,,,,,,,,,,,,,
44,,,,,,,,,,,,,,,,,,,,,,,,,,,,,,,
45,,,,,,,,,,,,,,,,,,,,,,,,,,,,,,,
46,,,,,,,,,,,,,,,,,,,,,,,,,,,,,,,
47,,,,,,,,,,,,,,,,,,,,,,,,,,,,,,,
48,,,,,,,,,,,,,,,,,,,,,,,,,,,,,,,
49,,,,,,,,,,,,,,,,,,,,,,,,,,,,,,,
50,,,,,,,,,,,,,,,,,,,,,,,,,,,,,,,
51,,,,,,,,,,,,,,,,,,,,,,,,,,,,,,,
52,,,,,,,,,,,,,,,,,,,,,,,,,,,,,,,
53,,,,,,,,,,,,,,,,,,,,,,,,,,,,,,,
54,,,,,,,,,,,,,,,,,,,,,,,,,,,,,,,
55,,,,,,,,,,,,,,,,,,,,,,,,,,,,,,,
56,,,,,,,,,,,,,,,,,,,,,,,,,,,,,,,
57,,,,,,,,,,,,,,,,,,,,,,,,,,,,,,,
58,,,,,,,,,,,,,,,,,,,,,,,,,,,,,,,
59,,,,,,,,,,,,,,,,,,,,,,,,,,,,,,,
60,,,,,,,,,,,,,,,,,,,,,,,,,,,,,,,
61,,,,,,,,,,,,,,,,,,,,,,,,,,,,,,,
62,,,,,,,,,,,,,,,,,,,,,,,,,,,,,,,
63,,,,,,,,,,,,,,,,,,,,,,,,,,,,,,,
64,,,,,,,,,,,,,,,,,,,,,,,,,,,,,,,
65,,,,,,,,,,,,,,,,,,,,,,,,,,,,,,,
66,,,,,,,,,,,,,,,,,,,,,,,,,,,,,,,
67,,,,,,,,,,,,,,,,,,,,,,,,,,,,,,,
68,,,,,,,,,,,,,,,,,,,,,,,,,,,,,,,
69,,,,,,,,,,,,,,,,,,,,,,,,,,,,,,,
70,,,,,,,,,,,,,,,,,,,,,,,,,,,,,,,
71,,,,,,,,,,,,,,,,,,,,,,,,,,,,,,,
72,,,,,,,,,,,,,,,,,,,,,,,,,,,,,,,
73,,,,,,,,,,,,,,,,,,,,,,,,,,,,,,,
74,,,,,,,,,,,,,,,,,,,,,,,,,,,,,,,
75,,,,,,,,,,,,,,,,,,,,,,,,,,,,,,,
76,,,,,,,,,,,,,,,,,,,,,,,,,,,,,,,
77,,,,,,,,,,,,,,,,,,,,,,,,,,,,,,,
78,,,,,,,,,,,,,,,,,,,,,,,,,,,,,,,
79,,,,,,,,,,,,,,,,,,,,,,,,,,,,,,,
80,,,,,,,,,,,,,,,,,,,,,,,,,,,,,,,
81,,,,,,,,,,,,,,,,,,,,,,,,,,,,,,,
82,,,,,,,,,,,,,,,,,,,,,,,,,,,,,,,
83,,,,,,,,,,,,,,,,,,,,,,,,,,,,,,,
84,,,,,,,,,,,,,,,,,,,,,,,,,,,,,,,
85,,,,,,,,,,,,,,,,,,,,,,,,,,,,,,,
86,,,,,,,,,,,,,,,,,,,,,,,,,,,,,,,
87,,,,,,,,,,,,,,,,,,,,,,,,,,,,,,,
88,,,,,,,,,,,,,,,,,,,,,,,,,,,,,,,
89,,,,,,,,,,,,,,,,,,,,,,,,,,,,,,,
90,,,,,,,,,,,,,,,,,,,,,,,,,,,,,,,
91,,,,,,,,,,,,,,,,,,,,,,,,,,,,,,,
92,,,,,,,,,,,,,,,,,,,,,,,,,,,,,,,
93,,,,,,,,,,,,,,,,,,,,,,,,,,,,,,,
94,,,,,,,,,,,,,,,,,,,,,,,,,,,,,,,
95,,,,,,,,,,,,,,,,,,,,,,,,,,,,,,,
96,,,,,,,,,,,,,,,,,,,,,,,,,,,,,,,
97,,,,,,,,,,,,,,,,,,,,,,,,,,,,,,,
98,,,,,,,,,,,,,,,,,,,,,,,,,,,,,,,
99,,,,,,,,,,,,,,,,,,,,,,,,,,,,,,,
100,,,,,,,,,,,,,,,,,,,,,,,,,,,,,,,
101,,,,,,,,,,,,,,,,,,,,,,,,,,,,,,,
102,,,,,,,,,,,,,,,,,,,,,,,,,,,,,,,
103,,,,,,,,,,,,,,,,,,,,,,,,,,,,,,,
104,,,,,,,,,,,,,,,,,,,,,,,,,,,,,,,
105,,,,,,,,,,,,,,,,,,,,,,,,,,,,,,,
106,,,,,,,,,,,,,,,,,,,,,,,,,,,,,,,
107,,,,,,,,,,,,,,,,,,,,,,,,,,,,,,,
108,,,,,,,,,,,,,,,,,,,,,,,,,,,,,,,
109,,,,,,,,,,,,,,,,,,,,,,,,,,,,,,,
110,,,,,,,,,,,,,,,,,,,,,,,,,,,,,,,
111,,,,,,,,,,,,,,,,,,,,,,,,,,,,,,,
112,,,,,,,,,,,,,,,,,,,,,,,,,,,,,,,
113,,,,,,,,,,,,,,,,,,,,,,,,,,,,,,,
114,,,,,,,,,,,,,,,,,,,,,,,,,,,,,,,
115,,,,,,,,,,,,,,,,,,,,,,,,,,,,,,,
116,,,,,,,,,,,,,,,,,,,,,,,,,,,,,,,
117,,,,,,,,,,,,,,,,,,,,,,,,,,,,,,,
118,,,,,,,,,,,,,,,,,,,,,,,,,,,,,,,
119,,,,,,,,,,,,,,,,,,,,,,,,,,,,,,,
120,,,,,,,,,,,,,,,,,,,,,,,,,,,,,,,
121,,,,,,,,,,,,,,,,,,,,,,,,,,,,,,,
122,,,,,,,,,,,,,,,,,,,,,,,,,,,,,,,
123,,,,,,,,,,,,,,,,,,,,,,,,,,,,,,,
124,,,,,,,,,,,,,,,,,,,,,,,,,,,,,,,
125,,,,,,,,,,,,,,,,,,,,,,,,,,,,,,,
126,,,,,,,,,,,,,,,,,,,,,,,,,,,,,,,
127,,,,,,,,,,,,,,,,,,,,,,,,,,,,,,,
128,,,,,,,,,,,,,,,,,,,,,,,,,,,,,,,
129,,,,,,,,,,,,,,,,,,,,,,,,,,,,,,,
130,,,,,,,,,,,,,,,,,,,,,,,,,,,,,,,
131,,,,,,,,,,,,,,,,,,,,,,,,,,,,,,,
132,,,,,,,,,,,,,,,,,,,,,,,,,,,,,,,
133,,,,,,,,,,,,,,,,,,,,,,,,,,,,,,,
134,,,,,,,,,,,,,,,,,,,,,,,,,,,,,,,
135,,,,,,,,,,,,,,,,,,,,,,,,,,,,,,,
136,,,,,,,,,,,,,,,,,,,,,,,,,,,,,,,
137,,,,,,,,,,,,,,,,,,,,,,,,,,,,,,,
138,,,,,,,,,,,,,,,,,,,,,,,,,,,,,,,
139,,,,,,,,,,,,,,,,,,,,,,,,,,,,,,,
140,,,,,,,,,,,,,,,,,,,,,,,,,,,,,,,
141,,,,,,,,,,,,,,,,,,,,,,,,,,,,,,,
142,,,,,,,,,,,,,,,,,,,,,,,,,,,,,,,
143,,,,,,,,,,,,,,,,,,,,,,,,,,,,,,,
144,,,,,,,,,,,,,,,,,,,,,,,,,,,,,,,
145,,,,,,,,,,,,,,,,,,,,,,,,,,,,,,,
146,,,,,,,,,,,,,,,,,,,,,,,,,,,,,,,
147,,,,,,,,,,,,,,,,,,,,,,,,,,,,,,,
148,,,,,,,,,,,,,,,,,,,,,,,,,,,,,,,
149,,,,,,,,,,,,,,,,,,,,,,,,,,,,,,,
150,,,,,,,,,,,,,,,,,,,,,,,,,,,,,,,
151,,,,,,,,,,,,,,,,,,,,,,,,,,,,,,,
152,,,,,,,,,,,,,,,,,,,,,,,,,,,,,,,
153,,,,,,,,,,,,,,,,,,,,,,,,,,,,,,,
154,,,,,,,,,,,,,,,,,,,,,,,,,,,,,,,
155,,,,,,,,,,,,,,,,,,,,,,,,,,,,,,,
156,,,,,,,,,,,,,,,,,,,,,,,,,,,,,,,
157,,,,,,,,,,,,,,,,,,,,,,,,,,,,,,,
158,,,,,,,,,,,,,,,,,,,,,,,,,,,,,,,
159,,,,,,,,,,,,,,,,,,,,,,,,,,,,,,,
160,,,,,,,,,,,,,,,,,,,,,,,,,,,,,,,
161,,,,,,,,,,,,,,,,,,,,,,,,,,,,,,,
162,,,,,,,,,,,,,,,,,,,,,,,,,,,,,,,
163,,,,,,,,,,,,,,,,,,,,,,,,,,,,,,,
164,,,,,,,,,,,,,,,,,,,,,,,,,,,,,,,
165,,,,,,,,,,,,,,,,,,,,,,,,,,,,,,,
166,,,,,,,,,,,,,,,,,,,,,,,,,,,,,,,
167,,,,,,,,,,,,,,,,,,,,,,,,,,,,,,,
168,,,,,,,,,,,,,,,,,,,,,,,,,,,,,,,
169,,,,,,,,,,,,,,,,,,,,,,,,,,,,,,,
170,,,,,,,,,,,,,,,,,,,,,,,,,,,,,,,
171,,,,,,,,,,,,,,,,,,,,,,,,,,,,,,,
172,,,,,,,,,,,,,,,,,,,,,,,,,,,,,,,
173,,,,,,,,,,,,,,,,,,,,,,,,,,,,,,,
174,,,,,,,,,,,,,,,,,,,,,,,,,,,,,,,
175,,,,,,,,,,,,,,,,,,,,,,,,,,,,,,,
176,,,,,,,,,,,,,,,,,,,,,,,,,,,,,,,
177,,,,,,,,,,,,,,,,,,,,,,,,,,,,,,,
178,,,,,,,,,,,,,,,,,,,,,,,,,,,,,,,
179,,,,,,,,,,,,,,,,,,,,,,,,,,,,,,,
180,,,,,,,,,,,,,,,,,,,,,,,,,,,,,,,
181,,,,,,,,,,,,,,,,,,,,,,,,,,,,,,,
182,,,,,,,,,,,,,,,,,,,,,,,,,,,,,,,
183,,,,,,,,,,,,,,,,,,,,,,,,,,,,,,,
184,,,,,,,,,,,,,,,,,,,,,,,,,,,,,,,
185,,,,,,,,,,,,,,,,,,,,,,,,,,,,,,,
186,,,,,,,,,,,,,,,,,,,,,,,,,,,,,,,
187,,,,,,,,,,,,,,,,,,,,,,,,,,,,,,,
188,,,,,,,,,,,,,,,,,,,,,,,,,,,,,,,
189,,,,,,,,,,,,,,,,,,,,,,,,,,,,,,,
190,,,,,,,,,,,,,,,,,,,,,,,,,,,,,,,
191,,,,,,,,,,,,,,,,,,,,,,,,,,,,,,,
192,,,,,,,,,,,,,,,,,,,,,,,,,,,,,,,
193,,,,,,,,,,,,,,,,,,,,,,,,,,,,,,,
194,,,,,,,,,,,,,,,,,,,,,,,,,,,,,,,
195,,,,,,,,,,,,,,,,,,,,,,,,,,,,,,,
196,,,,,,,,,,,,,,,,,,,,,,,,,,,,,,,
197,,,,,,,,,,,,,,,,,,,,,,,,,,,,,,,
198,,,,,,,,,,,,,,,,,,,,,,,,,,,,,,,
199,,,,,,,,,,,,,,,,,,,,,,,,,,,,,,,
200,,,,,,,,,,,,,,,,,,,,,,,,,,,,,,,
