0.ID,1.filename,2.name,3.hiraname,4.age,5.sex,6.job,7.color,8.hp,9.mp,10.san,11.db,12.str,13.con,14.pow,15.dex,16.app,17.siz,18.int,19.edu,20.skill,21.setting,22.scenario,23.driverCom,24.managerCom,25.bossCom,26.spiritualCom,27.warcrimCom,28.creatorCom,29.maker,30.height,31.etc,32.animal,33.flower,34.kotowaza,35.HO,36.partner
1,Nakagawa_Ganesh.html,ä¸­å·ã€€ã‚¬ãƒãƒƒã‚·ãƒ¥,ãªã‹ãŒã‚ã€€ãŒã­ã£ã—ã‚…,25,ç”·,ã‚«ãƒ¡ãƒ©ãƒãƒ³,ãƒšãƒ«ã‚·ã‚¢ãƒ³ãƒ–ãƒ«ãƒ¼ã€€#1C39BB,12/12,13/13,65/65,1d4,17,12,13,15,15,13,14,8,ccb<=$ccb<={SAN}ã€€SAN$ccb<={INT}*5ã€€ã‚¢ã‚¤ãƒ‡ã‚¢$ccb<={EDU}*5ã€€çŸ¥è­˜$ccb<={CON}*5ã€€CONÃ—5$ccb<={POW}*5ã€€POWÃ—5$$ccb<=50ã€€ã€€ç›®æ˜Ÿ$ccb<=25ã€€ã€€èãè€³$ccb<=25ã€€ã€€å›³æ›¸é¤¨$ccb<=40ã€€ã€€å¿œæ€¥æ‰‹å½“$ccb<=41ã€€ã€€ç²¾ç¥åˆ†æ$ccb<=70ã€€ã€€å†™çœŸè¡“$ccb<=23ã€€ã€€ã‚ªã‚«ãƒ«ãƒˆ$ccb<=45ã€€ã€€æ—¥æœ¬èª$ccb<=21ã€€ã€€è‹±èª$ccb<=60ã€€ã€€å›é¿$ccb<=9ã€€ã€€ã‚¯ãƒˆã‚¥ãƒ«ãƒ•ç¥è©±æŠ€èƒ½$ccb<=90ã€€ã‚­ãƒƒã‚¯$1d6+1d4ã€€ã€€ã‚­ãƒƒã‚¯ãƒ€ãƒ¡ãƒ¼ã‚¸ï¼ˆMAãªã—ï¼‰$1d6*2+1d4ã€€ã€€ã‚­ãƒƒã‚¯ãƒ€ãƒ¡ãƒ¼ã‚¸ï¼ˆMAã‚ã‚Šï¼‰$,ç”Ÿã¾ã‚ŒãªãŒã‚‰ã®æ¬ é™¥å“$ã‚¯ãƒãƒ¼ãƒ«ã®ã“ã¨ã¯ä¾¿åˆ©ãªèˆå¼Ÿæ‰±ã„,ç´…ã®å¹»æƒ³$nå›ç›®ã®åˆæ¼”$å­•ã‚€ç·‘ã¨æ„›ã‚’è¦–ã‚ˆ,,ããªãŸã¯ç¾ã—ã„,åˆä½œ,ã“ã‚Œã‹ã‚‰ã„ã˜ã‚ã¦ã„ããŸã„,æƒ…æ“æ•™è‚²,ä¸»äººå…¬,ä¸Šå¸,177.7,,é»’çŒ«,,,,
2,Timo_Nieminen.html,Timoãƒ»Nieminen,ã¦ãƒã‚‚ã€€ã«ãˆã¿ã­ã‚“,10,ç”·,å°å­¦ç”Ÿ,ã‚¤ã‚¨ãƒ­ãƒ¼ã€€#FFFF00,9/9,15/15,47/75,0,10,11,15,12,14,7,16,6,ccb<=$ccb<={SAN}ã€€SAN$ccb<={INT}*5ã€€ã‚¢ã‚¤ãƒ‡ã‚¢$ccb<={EDU}*5ã€€çŸ¥è­˜$ccb<={CON}*5ã€€CONÃ—5$ccb<={POW}*5ã€€POWÃ—5$$ccb<=60ã€€ã€€ç›®æ˜Ÿ$ccb<=35ã€€ã€€èãè€³$ccb<=45ã€€ã€€å›³æ›¸é¤¨$ccb<=85ã€€ã€€å¿ƒç†å­¦$ccb<=75ã€€ã€€è¨€ã„ãã‚‹ã‚$ccb<=70ã€€ã€€éš ã‚Œã‚‹$ccb<=40ã€€ã€€å¿œæ€¥æ‰‹å½“$ccb<=25ã€€ã€€ãƒ•ã‚£ãƒ³ãƒ©ãƒ³ãƒ‰èª$ccb<=30ã€€ã€€è‹±èª$ccb<=8ã€€ã€€ã€€ã‚¯ãƒˆã‚¥ãƒ«ãƒ•ç¥è©±,ãƒ•ã‚£ãƒ³ãƒ©ãƒ³ãƒ‰ã‹ã‚‰æ¥ãŸå°‘å¹´$æœ¬äººã¯çŸ¥ã‚‰ãªã„ãŒã‚¤ã‚¿ãƒªã‚¢ãƒ³ãƒãƒ•ã‚£ã‚¢ã®å«¡ç”·$çŒ«ã‹ã¶ã‚ŠãŒã‚¨ã‚°ã„$ãŠã˜ã¡ã‚ƒã‚“ã«ã¡ã‚‡ã£ã‹ã„ã‚’å‡ºã™ã®ãŒæœ€è¿‘ã®ãƒ–ãƒ¼ãƒ ,è²´æ–¹ã¯ç§ã‚’äºŒåº¦æ®ºã™ã®ã­$éŠåœ’åœ°ã¯æ­»ã§éŠã¶$Because\ Baby\ I love you.$å¥‡å¥‡æ€ªæ€ªåŒå¥½ä¼šã€€ã€€ã€€ã€€ã€€ã€€ã€€ãŸãŸã‚‰,,ã„ã„ãã‚‚ã£ã¨ã‚„ã‚Œ,ãªã‚“ã‹æ€ã£ãŸã‚ˆã‚Šè…¹é»’ã„â€¦,å£°å¥½ã,å°†æ¥ãŒæ¥½ã—ã¿,åŸç”°ã®ç›¸æ£’ï¼ˆï¼‰,ä¸Šå¸,144,,ã‚ªã‚¦ãƒ  ,,,,
3,Luca_Cassini.html,Lucaãƒ»Cassini,ã‚‹ã‹ã€€ã‹ã£ã—ãƒ¼ã«,29,ç”·,è–è·è€…,ãƒ–ãƒ©ãƒƒã‚¯ã€€#000000,8/8,15/15,75/75,,15,7,15,13,15,10,13,18,ccb<=$ccb<={SAN}ã€€SAN$ccb<={INT}*5ã€€ã‚¢ã‚¤ãƒ‡ã‚¢$ccb<={EDU}*5ã€€çŸ¥è­˜$ccb<={CON}*5ã€€CONÃ—5$ccb<={POW}*5ã€€POWÃ—5$$ccb<=75  ç›®æ˜Ÿ$ccb<=55ã€€èãè€³$ccb<=75ã€€å›³æ›¸é¤¨$ccb<=85ã€€å¿ƒç†å­¦$ccb<=50ã€€ä¿¡ç”¨$ccb<=90ã€€ã‚¤ã‚¿ãƒªã‚¢èª$ccb<=71ã€€ãƒ©ãƒ†ãƒ³èª$ccb<=71ã€€è‹±èª$ccb<=76ã€€å›é¿$ccb<=75ã€€æ‹³éŠƒ,ä¸€å¿œã€ãƒ†ã‚£ãƒ¢ã®ä¿è­·è€… ã‚¤ã‚¿ãƒªã‚¢ãƒ³ãƒãƒ•ã‚£ã‚¢ã¨ã¤ãªãŒã‚ŠãŒã‚ã‚‹ ä¸Šå¸è‡ªèº«ã‚‚ã“ã„ã¤ã®ã“ã¨ã‚ã‹ã‚‰ã‚“ æ„‰æ‚¦æ¤œå®š1ç´šä¿æŒè€…,ãƒ‡ãƒƒãƒ‰ãƒãƒ³ã‚ºã‚¨ã‚¹ã‚±ã‚¤ãƒ—ã‚·ãƒ§ã‚¦,,äººç”Ÿæ¥½ã—ã„ï¼Ÿ,ã‚¨ã‚»é–¢è¥¿å¼ã€æ¥½ã—ã„ï½—,æ„‰æ‚¦ã«å«Œå‘³ãŒãªãã¦ã•ã£ã±ã‚Šç³»,æ—©ãé€¢ã„ãŸã„ãœ,ã‚­ãƒç™ºæ®ã—ã¦ã»ã—,ä¸Šå¸,165,æ‹³éŠƒã¯ãƒ™ãƒ¬ãƒƒã‚¿M9,è›‡,,,,
4,Noelu_Kettunen.html,Noeluãƒ»Kettunen,ã®ãˆã‚‹ã€€ã‘ã£ã¨ã…ã­ã‚“,19,ç”·,å¤§å­¦ç”Ÿ/ãƒãƒ•ã‚£ã‚¢æ§‹æˆå“¡,ãã¤ã­è‰²ã€€#C97E13,12/12,14/14,70/70,1d4,12,8,14,12,15,15,17,12,ccb<=$ccb<={SAN}ã€€SAN$ccb<={INT}*5ã€€ã‚¢ã‚¤ãƒ‡ã‚¢$ccb<={EDU}*5ã€€çŸ¥è­˜$ccb<={CON}*5ã€€CONÃ—5$ccb<={POW}*5ã€€POWÃ—5$$ccb<=50ã€€ã€€ç›®æ˜Ÿ$ccb<=25ã€€ã€€èãè€³$ccb<=65ã€€ã€€å›³æ›¸é¤¨$ccb<=71ã€€ã€€é‡æ©Ÿæ“ä½œ$ccb<=50ã€€ã€€å¿œæ€¥æ‰‹å½“$ccb<=40ã€€ã€€éš ã™$ccb<=31ã€€ã€€ç”Ÿç‰©å­¦$ccb<=51ã€€ã€€è–¬å­¦$ccb<=64ã€€ã€€å›é¿$ccb<=25ã€€ã€€ä¿¡ç”¨$ccb<=36ã€€ã€€è‹±èª$ccb<=21ã€€ã€€æ—¥æœ¬èª$ccb<=70ã€€ã€€ã‚­ãƒƒã‚¯$ccb<=60ã€€ã€€ãƒ•ã‚£ãƒ³ãƒ©ãƒ³ãƒ‰èª$ccb<=60ã€€ã€€ã‚¤ã‚¿ãƒªã‚¢èª,ãƒ†ã‚£ãƒ¢ã®ãŠç›®ä»˜ã‘å½¹$æ—¥æœ¬ã®å¤§å­¦ã«ç•™å­¦ä¸­$æœ¬è·ã¯ãƒãƒ•ã‚£ã‚¢æ§‹æˆå“¡ã ãŒã€$ãã“ãã“ã«å¤§å­¦ç”Ÿæ´»ã‚’è¬³æ­Œã—ã¦ã„ã‚‹æ¨¡æ§˜,ã¯ã‚‰ãºã“ã‚ãŠã‚€ã—$å¤ªå¤ã®åº§æ•·ç‰¢$ãƒ‡ãƒƒãƒ‰ãƒ¬ãƒƒã‚¯ã‚¨ãƒ³ã‚³ãƒ¼ãƒ‰$æœã¦ã«ã¦$èŠ‹è™«ã€‚,,ç¢ºã‹ã«ã²ã‚‰ãŒãªã‹ã‚ã„ã„ï½—,åå‰ã²ã‚‰ãŒãªã«ã™ã‚‹ã¨ã‚¦ã‚±ã‚‹ï½—,ä¸­ã®äººã¨ä¼¼ã¦ã‚‹ã€ã‚­ãƒ„ãƒã¿ãŸã„ã§ã‹ã‚ã„ã„,ç›¸æ‰‹ã®ã›ã„ã§è‹¦åŠ´äººã«è¦‹ãˆã‚‹,ã‚ã—ã‚ƒã‚ã—ã‚ƒã—ãŸã„,ä¸Šå¸,180,,ç‹,,,,
5,Ogami_Sasa.html,å¤§ç¥ã€€ã‚µã‚µ,ãŠãŠãŒã¿ã€€ã•ã•,23,ç”·,å°æ–™ç†å±‹åº—ä¸»,ç¬¹è‰²ã€€#396122,11/11,9/9,45/45,1d4,14,12,9,13,12,11,15,13,ccb<=50ã€€ã€€ç›®æ˜Ÿ$ccb<=25ã€€ã€€èãè€³$ccb<=25ã€€ã€€å›³æ›¸é¤¨$ccb<=75ã€€ã€€å¿ƒç†å­¦$ccb<=31ã€€ã€€éµé–‹ã‘$ccb<=85ã€€ã€€è£½ä½œï¼ˆæ–™ç†ï¼‰$ccb<=31ã€€ã€€ç²¾ç¥åˆ†æ$ccb<=15ã€€ã€€å€¤åˆ‡ã‚Š$ccb<=65ã€€ã€€æ—¥æœ¬èª$ccb<=4ã€€ã€€ã‚¯ãƒˆã‚¥ãƒ«ãƒ•ç¥è©±$ccb<=31ã€€ã€€MA$ccb<=70ã€€ã€€ã‚­ãƒƒã‚¯$ccb<=76ã€€ã€€å›é¿$,ã‚¬ãƒãƒƒã‚·ãƒ¥ã®ä¸­å­¦æ™‚ä»£ã®å¾Œè¼©$åŒã˜éƒ¨æ´»ã ã£ãŸ$ä¸€äººã§åˆ‡ã‚Šç››ã‚Šã™ã‚‹å°æ–™ç†å±‹ã‚’å–¶ã‚“ã§ã„ã‚‹$ã‚¬ãƒãƒƒã‚·ãƒ¥ã«å¯¾ã—ã¦$å¤šå°‘ã®ã‚¯ã‚½ãƒ‡ã‚«æ„Ÿæƒ…ã‚ã‚Š,Life goes on$white room-çŸ›ç›¾æœ¬èƒ½-$ç„¡é¡Œ - Untitled,ã—ã£ã‹ã‚Šè€…,ãŠä¸–è©±ã«ãªã£ã¦ãŠã‚Šã¾ã™,æœ€è¿‘å‡ºç•ªãŒãªã„ã€ã€ã¨æ€ã£ã¦ãŸã‚‰æ­»ã‚“ã ,å¸¸è­˜äººæ ï¼Ÿï¼Ÿ,ç¡¬æ´¾ãŠæ–™ç†ç”·å­,è¦‹ãŸç›®ä¸€ç•ªå¥½ã,ä¸Šå¸,167,,ç‹¼,ç¬¹,,,
6,Hanatsuki_Kairi.html,èŠ±æœˆã€€å¿«ç†,ã¯ãªã¤ãã€€ã‹ã„ã‚Š,24,ç”·,ä¸å‹•ç”£å±‹ç¤¾é•·,ã‚°ãƒ¬ã‚¤ã€€#BEBEBE,10/10,15/15,75/75,,11,9,15,13,13,11,16,19,ccb<=65ã€€ã€€ç›®æ˜Ÿ$ccb<=35ã€€ã€€èãè€³$ccb<=25ã€€ã€€å›³æ›¸é¤¨$ccb<=70ã€€ã€€é‹è»¢$ccb<=31ã€€ã€€éµé–‹ã‘$ccb<=71ã€€ã€€ã‚³ãƒ³ãƒ”ãƒ¥ãƒ¼ã‚¿$ccb<=61ã€€ã€€çµŒç†$ccb<=75ã€€ã€€ä¿¡ç”¨$ccb<=51ã€€ã€€ç²¾ç¥åˆ†æ$ccb<=95ã€€ã€€æ—¥æœ¬èª$ccb<=41ã€€ã€€è‹±èª$ccb<=76ã€€ã€€å›é¿$ccb<=65ã€€ã€€ã‚­ãƒƒã‚¯$ccb<=21ã€€ã€€MA$ccb<=40ã€€ã€€æ‹³éŠƒ,ã‚¬ãƒãƒƒã‚·ãƒ¥ã®ä¸­å­¦æ™‚ä»£ã®å¾Œè¼©$åŒã˜éƒ¨æ´»ã ã£ãŸ$ã‚¬ãƒãƒƒã‚·ãƒ¥ã®å³è…•ãŒã§ããŸãã‚‰ã„ã«ã¯å„ªç§€$å®Ÿå®¶ã®ä¸å‹•ç”£æ¥­ã‚’ç¶™ã„ã ,ç¥ç¥­,,æœ‰èƒ½,æ‰±ã„ã«å›°ã£ã¦ã‚‹ã€,,å¼·ãç”Ÿãã¦,ã‚ˆãã‚ã‹ã‚‰ã‚“,ä¸Šå¸,171,,ç‹¸,èŠ±æœˆ,,,
7,Hanatsuki_Mei.html,èŠ±æœˆã€€ãƒ¡ã‚¤,ã¯ãªã¤ãã€€ã‚ã„,19,å¥³,ãƒ¡ã‚¤ãƒ‰å…¼ç§˜æ›¸,Light chocolate cosmosã€€#663333,12/12,9/9,45/45,,11,11,9,11,14,12,10,11,ccb<=75ã€€ã€€ç›®æ˜Ÿ$ccb<=50ã€€ã€€èãè€³$ccb<=45ã€€ã€€å›³æ›¸é¤¨$ccb<=50ã€€ã€€éš ã‚Œã‚‹$ccb<=60ã€€ã€€å¿ã³æ­©ã$ccb<=77ã€€ã€€å›é¿$ccb<=60ã€€ã€€é‹è»¢$ccb<=31ã€€ã€€ç²¾ç¥åˆ†æ$ccb<=55ã€€ã€€æ—¥æœ¬èª,èŠ±æœˆå®¶ã®ãƒ¡ã‚¤ãƒ‰ã€å…¼ã€å¿«ç†ã®ç§˜æ›¸$å®Ÿã¯NPCä¸ŠãŒã‚Š$ã‹ã‚ã„ã„ã€$ã™ã”ãã‹ã‚ã„ã„$ã¡ã‚‡ã£ã¨ãƒ„ãƒ³ãƒ‡ãƒ¬æ°—å‘³ã€ãªã¯ãš,ç§ã€å‹è”µã®å­«ã®å‹äººã§ã™ã€‚$ã‚·ãƒ¥ã‚¬ãƒ¼ãƒ¬ã‚¹ãƒ»ãƒãƒƒãƒ”ãƒ¼ãƒãƒ¬ãƒ³ã‚¿ã‚¤ãƒ³,ãƒ¡ã‚¤ã¡ã‚ƒï½ï¼ï¼,ã‚¹ã‚«ãƒ¼ãƒˆãŒã—ã£ã½ã«è¦‹ãˆã¦ã‹ã‚ã„ã„,å¥³å­ã®åŸç‚¹,ã„ã£ã±ã„å‡ºã¦æ¬²ã—ã„,å›ãŒç”Ÿã¾ã‚Œã‚‹å‰ã«ä¸Šç€æ›ã‘ãŸã‚ˆ,ãƒ„ãƒ³ãƒ‡ãƒ¬å¯æ„›ã„,ä¸Šå¸,159.6,,ãƒãƒ„ã‚«ãƒã‚ºãƒŸ,,,,
8,Hanatsuki_Yahazu.html,èŠ±æœˆã€€çŸ¢ç­ˆ,ã¯ãªã¤ãã€€ã‚„ã¯ãš,31,ç”·,åŸ·äº‹å…¼ãƒœãƒ‡ã‚£ãƒ¼ã‚¬ãƒ¼ãƒ‰,æ¿ƒé’è‰²ã€€#010066,15/15,17/17,85/85,1d4,17,14,17,15,12,15,10,14,ccb<=70ã€€ã€€ç›®æ˜Ÿ$ccb<=25ã€€ã€€èãè€³$ccb<=40ã€€ã€€å›³æ›¸é¤¨$ccb<=45ã€€ã€€èª¬å¾—$ccb<=51+10ã€€ã€€ç²¾ç¥åˆ†æ$ccb<=30ã€€ã€€æ­´å²$ccb<=55ã€€ã€€è·³èº$ccb<=45+10ã€€ã€€å¿œæ€¥æ‰‹å½“$ccb<=3ã€€ã‚¯ãƒˆã‚¥ãƒ«ãƒ•ç¥è©±$$ccb<=ãƒ©ã‚¤ãƒ•ãƒ«ã€€70$2d10+1d8+6ã€€ã€€ãƒ©ã‚¤ãƒ•ãƒ«ãƒ€ãƒ¡ãƒ¼ã‚¸$ccb<=85ã€€ã€€ã‚­ãƒƒã‚¯$ccb<=51ã€€ã€€MA$1d6+1d4ã€€ã€€ã‚­ãƒƒã‚¯ï¼ˆMAãªã—ï¼‰$1d6*2+1d4ã€€ã€€ã‚­ãƒƒã‚¯ï¼ˆMAã‚ã‚Šï¼‰$ccb<=70ã€€ã€€å›é¿,èŠ±æœˆå®¶ã®åŸ·äº‹ã€å…¼ã€ãƒœãƒ‡ã‚£ãƒ¼ã‚¬ãƒ¼ãƒ‰$å®Ÿã¯è¨˜æ†¶å–ªå¤±ã ã£ãŸã‚Šã€$ãƒãƒ¼ãƒ‰ãƒ¢ãƒ¼ãƒ‰ãªéå»ãŒã‚ã£ãŸã‚Šã—ãŸã‚“ã ã‘ã©ã€$æ­»ã‚“ã˜ã‚ƒã£ãŸãœ,å£Šèƒ$ãƒˆãƒ¼ã‚­ãƒ§ãƒ¼Ï‡ã‚¹ã‚¯ãƒ©ãƒ³ãƒ–ãƒ«ã‚¨ãƒƒã‚°,,çµ¶å¯¾å¿˜ã‚Œãªã„ã‹ã‚‰ï¼ï¼,è‡ªåˆ†ãŒæ­»ã¬ã“ã¨ã‚’è¨ˆç®—ã«å…¥ã‚Œã‚‹ã®è‰¯ããªã„,ã‚ã‚â€¦ã„ã„ã‚„ã¤ã ã£ãŸã‚ˆ,æ—©ã™ããŸæ­»,ã‚¤ã‚±ãƒ¡ãƒ³,ä¸Šå¸,192,,çƒ,ã‚«ãƒ©ã‚¹ã‚¨ãƒ³ãƒ‰ã‚¦,,,
9,Araragi_Tsubame.html,æ«Ÿã€€ç‡•,ã‚ã‚‰ã‚‰ãã€€ã¤ã°ã‚,21,ç”·,èŠ±å±‹ã®ãƒã‚¤ãƒˆ,ã‚¹ãƒãƒ¼ãƒ«ãƒ†ã‚£ãƒ¼ãƒ«ã€€#5F8A8B ,13/13,14/14,50/50,,12,14,10,10,12,13,17,14,ccb<=65ã€€ã€€ç›®æ˜Ÿ ccb<=25ã€€ã€€èãè€³ ccb<=30ã€€ã€€å›³æ›¸é¤¨ ccb<=31ã€€ã€€ç”Ÿç‰©å­¦ ccb<=45ã€€ã€€ã‚ªã‚«ãƒ«ãƒˆ ccb<=80ã€€ã€€å¿ƒç†å­¦ ccb<=90ã€€ã€€è¨€ã„ãã‚‹ã‚ ccb<=65ã€€ã€€éš ã‚Œã‚‹ ccb<=50ã€€ã€€èŠ¸è¡“ï¼ˆãƒ•ãƒ©ãƒ¯ãƒ¼ã‚¢ãƒ¬ãƒ³ã‚¸ãƒ¡ãƒ³ãƒˆï¼‰ ccb<=70ã€€ã€€æ—¥æœ¬èª ccb<=65ã€€ã€€æŠ•æ“²ã€€ccb<=2 ã‚¯ãƒˆã‚¥ãƒ«ãƒ•ç¥è©±æŠ€èƒ½å€¤,å¹½éœŠãŒè¦‹ãˆã‚‹$ä¸Šå¸ã®ä¸­ã§ã€æœ€ã‚‚ä¸€èˆ¬äººæ ,æ¢ç´¢è€…ãƒ”ãƒƒã‚¯ã‚¢ãƒƒãƒ—ã‚¬ãƒãƒ£$å¯†å®¤ã‚·ã‚§ã‚¢ãƒã‚¦ã‚¹$ãƒ¯ãƒ³ãƒ«ãƒ¼ãƒ ãƒ»ãƒ‡ã‚£ã‚¹ã‚³ãƒ³,ã‚ã®æ™‚ä»•ç•™ã‚ã¦ãŠã‘ã°â€¦,ãˆã¸ã¸ã¸ã‹ã‚ã„ã„,ãã“ãã“ã‚„ã‚Šã‚„ã™ã„,ã‚ã‚ã‚ã‚ã‚ï¼(ç™ºç‹‚),å¼•ã£è¶Šã—ã¡ã‚ƒã£ãŸã‚“ã§ã™ã­â€¦,ã„ã¤ã‚‚ä¸æ†«æ ,ä¸Šå¸,176,,ç‡•,ã‚¤ãƒã‚¤,,,
10,Tsuzura_Kitora.html,è‘›ã€€å–œè™,ã¤ã¥ã‚‰ã€€ãã¨ã‚‰,35,ç”·,å¤–ç§‘åŒ»,Blood redã€€#660000,12/12,11/11,55/55,,12,13,11,14,6,10,11,21,ccb<=65ã€€ã€€ç›®æ˜Ÿ$ccb<=55ã€€ã€€èãè€³$ccb<=25ã€€ã€€å›³æ›¸é¤¨$ccb<=95ã€€ã€€åŒ»å­¦$ccb<=70ã€€ã€€å¿œæ€¥æ‰‹å½“$ccb<=51ã€€ã€€è–¬å­¦$ccb<=45ã€€ã€€éš ã™$ccb<=21ã€€ã€€ç²¾ç¥åˆ†æ$ccb<=68ã€€ã€€å›é¿$ccb<=70ã€€ã€€å¿ã³æ­©ã$ccb<=75ã€€ã€€æŠ•æ“²$ccb<=81ã€€ã€€è‹±èª$ccb<=100ã€€ã€€æ—¥æœ¬èª,æ„å¤–ã«ã‚‚ã€ã‚¬ãƒãƒƒã‚·ãƒ¥ã«æ¬¡ã„ã§$äººé–“é–¢ä¿‚äº¤å·®ç‚¹ã®çœŸã‚“ä¸­ã«ç«‹ã£ã¦ã‚‹äºº,æ£„æ•™,,è‰²æ°—,ç«‹ã¡ä½ç½®ãŒå¥½ã¿,äººç”ŸçµŒé¨“è±Šå¯Œ,ç«å‚·ã«å‡¹å‡¸ã¨ãƒ†ã‚«ãƒªã‚’â€¦,ç«å‚·ã‚‚ã£ã¨ã‚°ãƒ­ãã—ã¦ãã ã•ã„,ä¸Šå¸,164,,è™,è‘›,,,
11,Yanoki_Saburo.html,çŸ¢ãƒæœ¨ã€€å€™,ã‚„ã®ãã€€ã•ã¶ã‚ã†,15,ç”·,ä¸­å­¦ç”Ÿ/æ€ªç›—,æŸ³è‰²ã€€#A8C97F,10/10,16/16,76/80,,12,8,16,14,12,9â†’10,17,13,ccb<=70ã€€ã€€ç›®æ˜Ÿ$ccb<=25ã€€ã€€èãè€³$ccb<=25ã€€ã€€å›³æ›¸é¤¨$ccb<=65ã€€ã€€ç™»æ”€$ccb<=75ã€€ã€€è·³èº$ccb<=70ã€€ã€€å¿ã³æ­©ã$ccb<=55ã€€ã€€éš ã™$ccb<=30ã€€ã€€å¿œæ€¥æ‰‹å½“$ccb<=55ã€€ã€€åˆ¶ä½œï¼ˆçˆ†ç™ºç‰©ï¼‰$ccb<=65ã€€ã€€æ—¥æœ¬èª$ccb<=33ã€€ã€€MA$ccb<=75ã€€ã€€ã‚­ãƒƒã‚¯$ccb<=90ã€€ã€€å›é¿$$1d6ã€€ã€€ã‚­ãƒƒã‚¯ãƒ€ãƒ¡ãƒ¼ã‚¸$1d6*2  ã€€ã‚­ãƒƒã‚¯MAã‚¢ãƒª$,ä¸€å›æ­»ã«ã¾ã—ãŸâ˜†$é£Ÿã«è²ªæ¬²$ç´”ç²‹ã ãŒã€ç¾å®Ÿã«å¯¾ã—ã¦ã¨ã¦ã¤ã‚‚ãªãã‚·ãƒ“ã‚¢,è±ªè¯å®¢èˆ¹ã¨æ€ªç›—å›£$å†ä¸Šæ˜ $æ¥µæ¥½æµ„åœŸã«æ£²ã‚€é­šverå‰µé€ ä¸»,,ã¡ã‚…ã,ä½•ã‚‚æ€–ããªã„,ã‚‚ã£ã¨ã¡ã‚ƒã‚“ã¨ã—ãŸå­ã§åŒå“ã—ãŸã„,ã„ã¤ã‚‚ä»‹è­·ã‚ã‚ŠãŒã¨ã†,ã‚¨ãƒ¢ã„,ä¸Šå¸,161,,çŒ¿,æŸ³,,,
12,Towata_Eriya.html,å…å¯ç¶¿ã€€ã‚¨ãƒªãƒ¤,ã¨ã†ã‚ãŸã€€ãˆã‚Šã‚„,32,ç”·,æ³•åŒ»å­¦åŒ»,ãƒ‡ã‚£ã‚¢ã€€#BA8759,11/11,8/8,/80,,10,9,16,15,18,13,15,19,ccb<=80ã€€ã€€ç›®æ˜Ÿ$ccb<=65ã€€ã€€èãè€³$ccb<=65ã€€ã€€å›³æ›¸é¤¨$ccb<=90ã€€ã€€åŒ»å­¦$ccb<=60ã€€ã€€å¿œæ€¥æ‰‹å½“$ccb<=65ã€€ã€€æ³•å¾‹$ccb<=51ã€€ã€€ç²¾ç¥åˆ†æ$ccb<=70ã€€ã€€èª¬å¾—$ccb<=51ã€€ã€€åŒ–å­¦$ccb<=21ã€€ã€€å¤‰è£…$ccb<=95ã€€ã€€è‹±èª$ccb<=46ã€€ã€€æ—¥æœ¬èª,å¦»ã‚’æ®ºã—ãŸéå»ã‚’æŒã¤$ä¸€åº¦å¿ƒã‚’ç—…ã‚“ã ãŒæ•‘ã‚ã‚Œãã†ãªæ°—ãŒã—ãªãã‚‚ãªã„$32æ­³ã«ã—ã¦ã¯ã€å­˜åœ¨ãŒå¯æ„›ã™ãã‚‹,æµ·ã‚‚æ¯ã‚Œã‚‹ã¾ã§$ã•ã‚ˆãªã‚‰ã®å‘ã“ã†å´,32æ­³ãƒã‚¸ï¼Ÿ,ãªã§ãªã§,ä¸Šå¸ãŒè¢«çˆ†ã—ãŸ,é¡”ãŒæœªäº¡äººæ„Ÿã‚ã‚‹,åˆæ‹ã§ã™ã‚ˆ,ãŠã„ã—ãã†,ä¸Šå¸,175,,å…,ã‚¢ã‚¹ã‚¯ãƒ¬ãƒ”ã‚¢ã‚¹,,,
13,Nakagawa_Kumar.html,ä¸­å·ã€€ã‚¯ãƒãƒ¼ãƒ«,ãªã‹ãŒã‚ã€€ãã¾ãƒ¼ã‚‹,20,ç”·,ãƒ¢ãƒ‡ãƒ«å…¼ä¿³å„ª,ã‚¿ãƒ¼ã‚³ã‚¤ã‚ºãƒ–ãƒ«ãƒ¼ã€€#00B7CE,12/12,16/16,80/80,,9,10,16,12,17,15,14,12,ccb<=60ã€€ã€€ç›®æ˜Ÿ$ccb<=30ã€€ã€€èãè€³$ccb<=25ã€€ã€€å›³æ›¸é¤¨$ccb<=80ã€€ã€€ä¿¡ç”¨$ccb<=85ã€€ã€€å¿ƒç†å­¦$ccb<=76ã€€ã€€å¤‰è£…$ccb<=55ã€€ã€€èŠ¸è¡“ï¼ˆæ¼”æŠ€ï¼‰$ccb<=60ã€€ã€€æ—¥æœ¬èª$ccb<=31ã€€ã€€è‹±èª$ccb<=40ã€€ã€€æ‹³éŠƒ$ccb<=50ã€€ã€€å›é¿$,æœ€è¿‘ä¿³å„ªãƒ‡ãƒ“ãƒ¥ãƒ¼ã—ãŸ$å£èª¿ãŒã»ã¼ä¸­ã®äºº$å…„ã«å¯¾ã—ã¦ç‹¬å æ¬²ã‚’æŠ±ã„ã¦ã„ã‚‹,ã‚»ãƒ¼ãƒ©ãƒ¼æœã‚’è„±ãŒã•ãªã„ã§$ãƒãƒ§ã‚³ãƒ¬ã‚¤ãƒˆã¯ã„ã‹ãŒï¼Ÿ,ãã¾ã£ã¡ï½ï¼,ã“ã®ã‚¯ã‚½ã‚¤ã‚±ãƒ¡ãƒ³ãŒã£ï¼,æ¥½ã—ã„,ã“ã®å­è¦‹ã¦ã‚‹ã¨ã˜ã‚ã˜ã‚ãƒ€ãƒ¡ãƒ¼ã‚¸å—ã‘ã‚‹ã®,LINEé€ã£ã¦ã­ã€œ,ã¨ã¦ã‚‚ã„ã„,ä¸Šå¸,180,,ç†Š,,,,
14,Tokiwana_Awaki.html,åˆ»åˆ¥èœã€€æ·¡é»„,ã¨ãã‚ãªã€€ã‚ã‚ã,24,ç”·,ä¸­å­¦ç¾è¡“æ•™å¸«,æ·¡é»„ã€€#F8E58C,10/10,10/10,50/50,,10,9,10,16,11,12,14,14,ccb<=85ã€€ã€€ç›®æ˜Ÿ$ccb<=45ã€€ã€€èãè€³$ccb<=75ã€€ã€€å›³æ›¸é¤¨$ccb<=30ã€€ã€€éš ã™$ccb<=85ã€€ã€€èŠ¸è¡“ï¼ˆæ²¹çµµï¼‰$ccb<=80ã€€ã€€åˆ¶ä½œï¼ˆæ¨¡åˆ»ï¼‰$ccb<=71ã€€ã€€ç²¾ç¥åˆ†æ$ccb<=55ã€€ã€€å¿ã³æ­©ã$ccb<=70ã€€ã€€æ—¥æœ¬èª$ccb<=77ã€€ã€€å›é¿,ã‚½ãƒ—ã‚¹ã‚¯æ™‚ã¯åˆ»åˆ¥èœå¦‚(ã¨ãã‚ãªã‚†ã)ã®åã ã£ãŸ$ã„ã‚ã„ã‚ã‚ã£ãŸãŒå¦¹ã¨ä»²è‰¯ãæš®ã‚‰ã—ã¦ã„ã‚‹,ã‚½ãƒ¼ãƒ—ã‚¹ã‚¯ãƒ¼ãƒ«,ã„ããªã‚Šè…•åˆ‡ã‚‹ã®ã“ã‚â€¦,å¦¹ä¸€å¿ƒã§ã‹ã£ã“ã„ã„,ç«‹ã¡çµµãŒå¤šã„,å¹¸ã›ã«ãªã£ã¦ã­,ç†±ã„ãƒãƒ¼ãƒˆã®æŒã¡ä¸»,ç¤¾å…ˆã«å£°ã‹ã‘ã‚‰ã‚Œã¦ã‚‚ç„¡è¦–ã—ã¦ã»ã—ã„,ä¸Šå¸,172,,çŒª,å¸¸ç›¤ãªãšãª,,4,
15,Yasuno_Sadame.html,å®‰é‡ã€€é‹,ã‚„ã™ã®ã€€ã•ã ã‚,25,ç”·,ä½œæ¥­ç™‚æ³•å£«,White coffeeã€€#E9E0D2,12/12,7/7,35/35,1d4,15,10,7,15,15,13,15,12,ccb<={SAN}   SAN$ccb<=50ã€€å¹¸é‹$ccb<=70ã€€çŸ¥è­˜$ccb<=70ã€€ã‚¢ã‚¤ãƒ‡ã‚¢$ccb<=70ã€€ç›®æ˜Ÿ$ccb<=65ã€€èãè€³$ccb<=65ã€€å›³æ›¸é¤¨$ccb<=60ã€€è¨€ã„ãã‚‹ã‚$ccb<= 66ã€€ç²¾ç¥åˆ†æ$ccb<= 70ã€€åŒ»å­¦$ccb<=26 ã€€ç”Ÿç‰©å­¦$ccb<=60ã€€æ—¥æœ¬èª$ccb<=21ã€€è‹±èª$ccb<=50ã€€ã‚­ãƒƒã‚¯$ccb<=30ã€€å›é¿$ccb<=,æœ¬åã¯é®«å³°åˆ©éŸ³(ã•ã‚ã¿ã­ã€€ã‚Šã­) ç¾åœ¨ã€ä½œæ¥­ç™‚æ³•å£«ã¨ã—ã¦åƒã„ã¦ã„ã‚‹ çµ¶è³›ã€è¨˜æ†¶å–ªå¤±(å˜˜)ã‚„ã£ã¦ã¾ã™,ã‚«ã‚¿ã‚·ãƒ­ã‚¢ãƒŠã‚¶ãƒ¼$Dã®ä¿¡ä»°$ç°ã«ãªã£ã¦ã‚ˆã‹ã£ãŸ,,still unknown,ã‚¨ãƒ¢ã‚¯ãƒ­ã‚¢ã§ä½¿ã†ã‹ã‚‚,ã¯ã¸ã¸ã€å¥½ãã ã‚ˆ,unknownï¼,ã€€,ä¸Šå¸,177.7,,é®«,ãƒãƒªãƒ,,,
16,Inuhashi_Ikoma_ex.html,ç‹—æ©‹ã€€æ†©éº»ï¼ˆæ—§ä¸–ç•Œç·šï¼‰,ã„ã¬ã¯ã—ã€€ã„ã“ã¾,*26,,å…¬å®‰,ã‚´ãƒ¼ãƒ«ãƒ‰ã€€#FFCC00,14/14,12/12,60/60,1d4,16,14,12,13,14,13,12,15,ccb<=65ã€€ã€€ç›®æ˜Ÿ$ccb<=55ã€€ã€€èãè€³$ccb<=25ã€€ã€€å›³æ›¸é¤¨$ccb<=85ã€€ã€€å¿ƒç†å­¦$ccb<=45ã€€ã€€èª¬å¾—$ccb<=70ã€€ã€€è¿½è·¡$ccb<=75ã€€ã€€é‹è»¢ï¼ˆãƒã‚¤ã‚¯ï¼‰$ccb<=90ã€€ã€€ã‚­ãƒƒã‚¯$ccb<=70ã€€ã€€ã“ã¶ã—$ccb<=20ã€€ã€€é ­çªã$ccb<=35ã€€ã€€çµ„ä»˜ã$ccb<=25ã€€ã€€æŠ•æ“²$ccb<=85ã€€ã€€æ‹³éŠƒ$ccb<=81ã€€ã€€å›é¿$ccb<=65ã€€ã€€å‚¬æ¶™ã‚¹ãƒ—ãƒ¬ãƒ¼(DEXÃ—5)$ccb<=5ã€€ã€€ã‚¯ãƒˆã‚¥ãƒ«ãƒ•ç¥è©±æŠ€èƒ½$$1d6*2+1d4+2ã€€ã€€ã‚­ãƒƒã‚¯(MAã‚¢ãƒª)$1d3*2+1d4+2ã€€ã€€ã“ã¶ã—(MAã‚¢ãƒª)$1d4*2+1d4+2ã€€ã€€é ­çªã(MAã‚¢ãƒª)$1d6+1d4+2ã€€ã€€ã‚­ãƒƒã‚¯$1d3+1d4+2ã€€ã€€ã“ã¶ã—$1d4+1d4+2ã€€ã€€é ­çªã$1d3ã€€ã€€å‚¬æ¶™ã‚¹ãƒ—ãƒ¬ãƒ¼ã®ã‚¹ã‚¿ãƒ³ã‚¿ãƒ¼ãƒ³æ•°$$ccb<=60ã€€POWÃ—5$,å“€ã‚Œãªå­ ä½œæˆæ™‚ã®ã‚³ãƒ³ã‚»ãƒ—ãƒˆã¯ã€ ã‚‚ã—ã‚¬ãƒãƒƒã‚·ãƒ¥ãŒæ¬ é™¥å“ã§ãªã‹ã£ãŸã‚‰ã€,NOBODY*2,ã‹ã‚ã„ãã†ãªã„ã“ã¾,ã‚ˆãé ‘å¼µã‚Šã¾ã—ãŸ,å¤±è¸ªã—ã¾ã—ãŸã€‚,å¥½ã¿ã®å­ãŒã‚ã‚ãªã‚‹ã¨ãã†ã‚ˆã­ã£ã¦æ°—æŒã¡,ã¾ã æ…Œã¦ã‚‹æ™‚ã˜ã‚ƒãªã„,å…¥é–“ã®ã“ã¨å¤§å¥½ãã«ãªã£ã¦ãã‚Œã¦ã‚ã‚ŠãŒã¨ã€œ,ä¸Šå¸,,,çŠ¬,éº»,,1,
17,Inuhashi_Ikoma_now.html,ç‹—æ©‹ã€€æ†©éº»ï¼ˆç¾ä¸–ç•Œç·šï¼‰,ã„ã¬ã¯ã—ã€€ã„ã“ã¾,26,ç”·,çŠ¯ç½ªè€…,ã‚´ãƒ¼ãƒ«ãƒ‰ã€€#A57C00,14/14,12/12,56/60,1d4,13,14,12,15,14,13,12,9,"ccb<={SAN}   SAN$ccb<=60ã€€å¹¸é‹$ccb<=45ã€€çŸ¥è­˜$ccb<=60ã€€ã‚¢ã‚¤ãƒ‡ã‚¢$ccb<=60ã€€ã€€ç›®æ˜Ÿ$ccb<=55ã€€ã€€èãè€³$ccb<=25ã€€ã€€å›³æ›¸é¤¨$ccb<=35ã€€ã€€éš ã™$ccb<=41ã€€ã€€éµé–‹ã‘$ccb<=60ã€€ã€€ãƒŠãƒ“ã‚²ãƒ¼ãƒˆ$ccb<=75ã€€ã€€é‹è»¢ï¼ˆãƒã‚¤ã‚¯)$ ccb<=55ã€€ã€€ã‚­ãƒƒã‚¯$ccb<=66ã€€ã€€å›é¿ $ccb<=5ã€€ã‚¯ãƒˆã‚¥ãƒ«ãƒ•ç¥è©±æŠ€èƒ½",æ±äº¬ã‚¿ãƒ¯ãƒ¼ã§å…¥é–“ã«æ•ã¾ã‚Šãã†ã«ãªã£ã¦å±±ã«é€ƒã’ã¦æ»‘è½ã—ã¦ã‚·ãƒŠãƒªã‚ªã«è¡Œãã€‚ ãƒ¤ã‚¯ã®å¯†å£²ã®æœ«ç«¯ã®é‹ã³å±‹ã‚„ã£ã¦ã‚‹ã€‚,æ„›é£¢ã‚‘ãƒ²ãƒ¯ãƒ«,ã“ã‚Œã‹ã‚‰ã‚‚ã‚ˆã‚ã—ãã„ã“ã¾,,,,,åƒ•ã¯ã„ã“ã¾ã®å¹¸ã›ã‚’é¡˜ã£ã¦ã‚‹ã‚ˆ,,177.7,,çŠ¬,éº»,,,
18,Rindo_Noar.html,å‡›å ‚ã€€ãƒã‚¢,ã‚Šã‚“ã©ã†ã€€ã®ã‚,32,ç”·,æ¢åµ,ç‘ ç’ƒç´ºã€€#1B294B,12/12,14/14,25/70,1d4,12,9,14,10,12,15,9,15,ccb<=5ï¼ã€€ã€€ç›®æ˜Ÿ$ccb<=6ï¼ã€€ã€€èãè€³$ccb<=ï¼˜ï¼ã€€ã€€å›³æ›¸é¤¨$ccb<=ï¼—ï¼•ã€€ã€€æ¯å›½èªï¼ˆè‹±ï¼‰$ccb<=ï¼“ï¼–ã€€ã€€æ—¥æœ¬èª$ccb<=ï¼—ï¼ã€€ã€€å¿œæ€¥æ‰‹å½“$ccb<=5ï¼–ã€€ã€€ç²¾ç¥åˆ†æ$ccb<=ï¼“ï¼•ã€€ã€€èª¬å¾—$ccb<=55ã€€ã€€åˆ¶ä½œ(ã‚«ã‚¯ãƒ†ãƒ«)$Â $ccb<=55ã€€ã€€æ—¥æœ¬åˆ€$ccb<=ï¼’ï¼‘ã€€ã€€å±…åˆÂ $$1d10ï¼‹1d4ã€€ã€€æ—¥æœ¬åˆ€ãƒ€ãƒ¡ãƒ¼ã‚¸$1d10ï¼‹ï¼‘ï½„ï¼”ï¼‹2ã€€ã€€æ—¥æœ¬åˆ€ãƒ€ãƒ¡ãƒ¼ã‚¸ï¼ˆï¼­ï¼¡ã‚ã‚Šï¼‰,Nï¼†Hã‚¢ãƒ¼ã‚¯æ¢åµäº‹å‹™æ‰€ã®æ¢åµã€‚$å¤šåˆ†ä»Šå¾Œã€ãƒãƒ¼ãƒ†ãƒ³ãƒ€ãƒ¼ã¨ã‹ã‚„ã£ã¦ã‚‹ã€‚ã€€,åŒå±…äºº,ãˆã£ã¡ã˜ã‚ƒãªã„ï¼Ÿ,H,æƒ…å ±éå¤š,é¡”ãŒå—ã‘,,ãˆã£ã¡,ä¸Šå¸,182,,ãƒã‚¢ã®ç®±èˆŸ,ç«œèƒ†,,HOãªã—,
19,Dylan_Al_Salif.html,Dylanãƒ»Alï¼Salif,ã§ãƒã‚‰ã‚“ãƒ»ã‚ã‚‹ï¼ã•ãƒ¼ã‚Šãµ,12,ç”·,ãƒ‡ã‚£ãƒ¬ãƒƒã‚¿ãƒ³ãƒˆãƒ»æŠ•è³‡å®¶,ã‚¤ãƒ³ãƒ‡ã‚£ã‚´ã€€#4B0082,10,16,80/80,-1d4,7,12,16,16,18,9,16,9,,çŸ³æ²¹ç‹ã®æ¯å­ã€‚ã€€$æ„‰æ‚¦éƒ¨å“¡ã€‚ã‚ã‚“ã¾ã—ã†ã¾ãRPã§ããªã„ã‘ã©ã€$å­ä¾›ã®ãã›ã«ä¸–ç•Œã‚’ä¿¯ç°ã§è¦‹ã¦ã€ãã®ã†ãˆã§ã‚„ã‚ŠãŸã„ã“ã¨ã‚’ã—ã¦ç”Ÿãã¦ã‚‹ã€‚$,ãƒ´ã‚§ãƒ«ãƒã®å¤©ä½¿ã¯æ­»ã‚’æ­Œã†,è‹¦æ‰‹ãªã‚¿ã‚¤ãƒ—ã‹ã‚‚â€¦,ã„ã„ã˜ã‚ƒã‚“,æ„å¤–ã¨ä»Šã¾ã§ã„ãªã‹ã£ãŸã‚¿ã‚¤ãƒ—,é ¼ã‚Šã«ãªã‚‹ãŠå…„ã¡ã‚ƒã‚“,,æ­£ç›´ã‚ã‹ã‚‰ã›ãŒä¼¼åˆã†,ä¸Šå¸,157,,ã‚·ãƒ£ãƒ,,,,
20,Shiramine_Mekura.html,çŸ¥å³°ã€€æ„›å¤¢,ã—ã‚‰ã¿ã­ã€€ã‚ãã‚‰,18,å¥³,é«˜æ ¡ç”Ÿ,ãƒ€ãƒ¼ã‚¯ã‚ªãƒ¬ãƒ³ã‚¸ã€€#FF8C00,11/11,14/14,70/70,1d4,18,10,14,11,14,11,17,9,,é›¢å³¶ã§ç”Ÿã¾ã‚Œè‚²ã£ãŸå°‘å¥³ã€‚$è‡ªé ­ã¯ã„ã„ï¼ˆINTé«˜ã„ï¼‰ãŒé–‰é–çš„ãªç’°å¢ƒã®ã›ã„ã§æ„Ÿæ€§ãŒåã‚Šæ°—å‘³ã€‚$ã“ã‚Œã‹ã‚‰ã®è¡Œãæœ«ã«æœŸå¾…$,ç«ç‚¹ã—é ƒã®èœ˜è››è¸Šã‚Š,,å¤–ã«å‡ºã‚Œã¦ã‚ˆã‹ã£ãŸã­,å¥³ã®å­ã ã‚ˆï¼çã—ã„ã€ã€ã€,å¹¸ã›ã«ãªã£ã¦ã­â€¦,é¡”ãŒè‰¯ã„ã€œã€œã€œ,é«ªã®æ¯›å¥½ãã€œã€œã€œ,ä¸Šå¸,157,,ã‚¶ãƒˆã‚¦ãƒ ã‚·,ã‚·ãƒ¬ãƒ,,1 å…«è‚¢å³¶ã®å­¦ç”Ÿ,
21,Yaomote.html,é—‡è¡¨,ã‚„ãŠã‚‚ã¦,,ç”·,å…¬å‹™å“¡,ãƒ•ãƒ¬ãƒ¼ãƒ ã€€#E25822,14/14,13/13,65/65,1d4,9,11,13,13,11,16,14,11,ccb<=60ã€€ã€€ç›®æ˜Ÿ$ccb<=45ã€€ã€€èãè€³$ccb<=55ã€€ã€€å›³æ›¸é¤¨$ccb<=60ã€€ã€€å¿œæ€¥æ‰‹å½“$ccb<=41ã€€ã€€äººé¡å­¦$ccb<=60ã€€ã€€ç™»æ”€$ccb<=55ã€€ã€€æ—¥æœ¬èª$ccb<=75ã€€ã€€å¿ã³æ­©ã$ccb<=50ã€€ã€€éš ã‚Œã‚‹$$ccb<=85ã€€ã€€ãƒãƒã‚§ãƒƒãƒˆ$1d8+1d4ã€€ã€€ãƒãƒã‚§ãƒƒãƒˆãƒ€ãƒ¡ãƒ¼ã‚¸å€¤$ccb<=76ã€€ã€€å›é¿,ä¸é‡ã®äººç”Ÿã«è² ã‘ãšã€é ‘å¼µã£ã¦ã„ã‚‹é’å¹´ã€‚ç´ ç›´ã§å…ˆè¼©ã®ã“ã¨ã‚’å¿ƒã‹ã‚‰æ…•ã£ã¦ã„ã‚‹ã€‚å°‘ã€…å¼·é¢ã ãŒã€æœ¬äººã¯çœŸé¢ç›®ãªé¡”ã‚’ã—ã¦ã„ã‚‹ã ã‘ã€‚,ã‚ˆã†ã“ãï¼è¿·å†¥å¸‚å½¹æ‰€éƒ½å¸‚ä¼èª¬èª²ã¸ï¼,å¼·ãç”Ÿãã¦,ç«‹ã¡çµµã‹ã£ã“ã‚ˆ,æ–°äººã½ã‹ã£ãŸã€‚ã¾ãŸå·æ³£ã—ãŸã€‚,,,å¼·ãç”Ÿãã‚ã€‚,ä¸Šå¸,190,,é»’è±¹,ã‚«ã‚¿ã‚¯ãƒª,,2 éƒ½å¸‚ä¼èª¬èª²ã®æ–°äºº,
22,Fujisato_Terumi.html,è—¤é‡Œã€€ç…§ç¾,ãµã˜ã•ã¨ã€€ã¦ã‚‹ã¿,20,ç”·,å¤§å­¦ç”Ÿ,#AFB4DB,10/10,10/10,24/50,0,10,6,10,10,15,14,14,14,ccb<={SAN}   SAN$ccb<=50ã€€å¹¸é‹$ccb<=70ã€€çŸ¥è­˜$ccb<=70ã€€ã‚¢ã‚¤ãƒ‡ã‚¢$ccb<=70ã€€ç›®æ˜Ÿ$ccb<=65ã€€èãè€³$ccb<=65ã€€å›³æ›¸é¤¨$ccb<=60ã€€è¨€ã„ãã‚‹ã‚$ccb<= 26ã€€ç²¾ç¥åˆ†æ$ccb<=26ã€€ã‚ªã‚«ãƒ«ãƒˆ$ccb<= 21ã€€å¤©æ–‡å­¦$ccb<=65 ã€€æ­´å²$ccb<=70ã€€æ—¥æœ¬èª$ccb<=31ã€€ãƒ©ãƒ†ãƒ³èª$ccb<=50ã€€éš ã™$ccb<=75ã€€ã“ã¶ã—$ccb<=60 ã€€å›é¿$ccb<=,å…ƒå°‘å¹´A,è¾œæœˆã®N,,ãªã«ã“ã®ãˆã£ã¡,ã‚„ã£ãŸããããã£ãã£ããï½‹ï½‚ã‚ï½“ï½˜,ã™ã’ãˆã‹ã‚ã„ã„â€¦,,ã‚¹ãƒ‘ãƒ€ãƒª,ä¸Šå¸,180,,ç¾Š,è—¤,,1 ç¦,
23,Swee_Lumi_Campanella.html,Sweeâ€¢Lumiâ€¢Campanella,ã‚¹ã‚¦ã‚£ãƒ»ãƒªãƒ¥ãƒŸãƒ»ã‚«ãƒ³ãƒ‘ãƒãƒ«ãƒ©,17,ç”·,ã‚¸ãƒ£ãƒ³ã‚¯å±‹,#F8A799,11/11,14/14,70/70,0,12,11,14,12,13,11,12,14,ccb<={SAN}   SAN$ccb<=70ã€€å¹¸é‹$ccb<=70ã€€çŸ¥è­˜$ccb<=60ã€€ã‚¢ã‚¤ãƒ‡ã‚¢$ccb<=60ã€€é‹è»¢(å®‡å®™èˆ¹)$ccb<=65ã€€ç›®æ˜Ÿ$ccb<=25ã€€èãè€³$ccb<=70ã€€å›³æ›¸é¤¨$ccb<=15ã€€åšç‰©å­¦$ccb<=30ã€€ä¿¡ç”¨$ccb<=51ã€€ç²¾ç¥åˆ†æ$ccb<=40ã€€å¿œæ€¥æ‰‹å½“$ccb<=60ã€€è£½ä½œ(ã‚¢ã‚¯ã‚»ã‚µãƒªãƒ¼)$ccb<=60ã€€æ©Ÿæ¢°ä¿®ç†,æ³¥ä¸­ã«è“®,ã¼ãã‚‰ã®ã‚·ãƒ£ãƒ³ã‚°ãƒªãƒ©ã€ã‚ã®å­ã®ã»ã†ãæ˜Ÿ,,ã»ã‚ã»ã‚ãŠå…„ã¡ã‚ƒã‚“â€¦,å¼Ÿå¦¹ãŸã¡ã®ãŸã‚ã«ã€ç¬‘é¡”ã‚’çµ¶ã‚„ã™ãªã‚ˆ,,ãŠå…„ã¡ã‚ƒâ€¦,è‹¦åŠ´äººã‚ªãƒ¼ãƒ©,ä¸Šå¸,167,,ãƒ›ã‚¿ãƒ«ã‚¤ã‚«,ãƒ›ã‚¿ãƒ«ãƒ–ã‚¯ãƒ­,,,
24,Hatoba_Tessen.html,é³©ç¾½ã€€é‰„èˆ¹,ã¯ã¨ã°ã€€ã¦ã£ã›ã‚“,33,ç”·,å†™çœŸå®¶,#18E586,14/14,10/10,50/50,1d4,13,13,10,12,7,14,12,16,ccb<={SAN}   SAN$ccb<=50ã€€å¹¸é‹$ccb<=80ã€€çŸ¥è­˜$ccb<=60ã€€ã‚¢ã‚¤ãƒ‡ã‚¢$ccb<=45ã€€ç›®æ˜Ÿ$ccb<=65ã€€èãè€³$ccb<=75ã€€å›³æ›¸é¤¨$ccb<=25ã€€è–¬å­¦$ccb<=70ã€€å¿œæ€¥æ‰‹å½“$ccb<=51ã€€ç²¾ç¥åˆ†æ$ccb<=75ã€€ä¿¡ç”¨$ccb<=85ã€€å¿ƒç†å­¦$ccb<=55ã€€ã‚ªã‚«ãƒ«ãƒˆ$ccb<ï¼61ã€€è‹±èª$ccb<=80ã€€æ—¥æœ¬èª,ç·¨ã¿ç¬ ,ï¼¨ï¼©ï¼²ï¼¡ï¼¥ï¼´ï¼¨,,,ãŠã˜ã•ã‚“è¾›ã„,ã©ã‚“ãªã“ã¨ã‚‚ä¸€ç·’ã«åˆ†ã‘åˆã£ã¦ã„ã“ã†ã­(ä¾å­˜),,ç›®ã®å‰ã§å‘½ãŒå¤±ã‚ã‚Œã‚‹ã®ã¯ã“ã‚Œã§ä½•åº¦ç›®ã§ã™ã‹ï¼Ÿ,,,,é³©,ã‚¯ãƒ¬ãƒãƒã‚¹,,,
25,Arau_Kaho.html,æ–°ç‰›ã€€é¦™è’²,ã‚ã‚‰ã†ã€€ã‹ã»,34,ã‚ªãƒã‚¨,çœ‹è­·å¸«,,14/14,13/13,65/65,1d6,18,12,13,11,7,16,10,18,ccb<={SAN}   SAN$ccb<=65ã€€å¹¸é‹$ccb<=90ã€€çŸ¥è­˜$ccb<=50ã€€ã‚¢ã‚¤ãƒ‡ã‚¢$ccb<=85ã€€ç›®æ˜Ÿ$ccb<=85ã€€èãè€³$ccb<=65ã€€å›³æ›¸é¤¨$ccb<=55ã€€åŒ»å­¦$ccb<=85ã€€å¿œæ€¥æ‰‹å½“$ccb<=61ã€€ç²¾ç¥åˆ†æ$ccb<=75ã€€ä¿¡ç”¨$ccb<=40ã€€é›»æ°—ä¿®ç†$ccb<=65ã€€æ©Ÿæ¢°ä¿®ç†$ccb<=75ã€€çµ„ä»˜ã$ccb<=90ã€€æ—¥æœ¬èª,å‘¨å›²ã«ã¯è‡ªåˆ†ã®ã“ã¨ã‚’â€œã‹ã»ã¡ã‚ƒã‚“â€ã¨å‘¼ã°ã›ã‚ˆã†ã¨ã—ã¦ã„ã‚‹,ç´¡å‘½è«–ã¨ã‚·ãƒ³ã‚®ãƒ¥ãƒ©ãƒªãƒ†ã‚£,,RPã™ã”ã„,åƒ•ã®æœ€å¼·ã®ã‚«ãƒ¼ãƒ‰,ã“ã“ãªã¡ã‚ƒã‚“ã¨åŒå“ã—ã¦ã€œã€œï¼ï¼ï¼å¥½ãâ€¦,,ãƒ ãƒ¼ãƒ‰ãƒ¼ãƒ¡ãƒ¼ã‚«ãƒ¼æ§˜æ§˜,ä¸Šå¸,191,,é—˜ç‰›,ã‚¬ãƒã€€æ•‘è­·ã€€æ…ˆæ„›,,3 çœ‹è­·å¸«,
26,Onizuka_Rokuto.html,é¬¼å¡šã€€é¹¿ç¯,ãŠã«ã¥ã‹ã€€ã‚ãã¨,18,ç”·,é«˜æ ¡ç”Ÿ,#EB6123,14/14,13/13,65/65,0,10,14,13,10,11,13,12,9,ccb<={SAN}   SAN$ccb<=$ccb<=65ã€€å¹¸é‹$ccb<=45ã€€çŸ¥è­˜$ccb<=60ã€€ã‚¢ã‚¤ãƒ‡ã‚¢$ccb<=70ã€€ç›®æ˜Ÿ$ccb<=65ã€€èãè€³$ccb<=35ã€€å›³æ›¸é¤¨$ccb<=31ã€€è–¬å­¦$ccb<=40ã€€æ©Ÿæ¢°ä¿®ç†$ccb<=40ã€€é›»æ°—ä¿®ç†$ccb<=31ã€€éµé–‹ã‘$ccb<=70ã€€ä¿¡ç”¨$ccb<=55ã€€åˆ¶ä½œï¼ˆæ–™ç†ï¼‰$ccb<=21ã€€è‹±èª$ccb<=45ã€€æ—¥æœ¬èª$ccb<=0ã€€ã‚¯ãƒˆã‚¥ãƒ«ãƒ•ç¥è©±,å®Ÿå®¶ãŒéŠ­æ¹¯ã®é«˜æ ¡ç”Ÿç”·å­,åˆæ‹æ€§ã‚¹ãƒˆãƒƒã‚¯ãƒ›ãƒ«ãƒ ç—‡å€™ç¾¤,,,,,,,,,,é¹¿,ãƒ›ã‚ªã‚ºã‚­,,,
27,Kurikoshi_Isaku.html,ç¹°è¶Šã€€ç³¸é›€,ãã‚Šã“ã—ã€€ã„ã•ã,16,ç”·,é«˜æ ¡ç”Ÿ,,10/10,11/11,55/55,0,8,9,11,13,14,11,14,11,ccb<={SAN}   SAN$ccb<=$ccb<=55ã€€å¹¸é‹$ccb<=55ã€€çŸ¥è­˜$ccb<=70ã€€ã‚¢ã‚¤ãƒ‡ã‚¢$ccb<=70ã€€ç›®æ˜Ÿ$ccb<=45ã€€èãè€³$ccb<=65ã€€å›³æ›¸é¤¨$ccb<=75ã€€é‹è»¢ï¼ˆäºŒè¼ªï¼‰$ccb<=40ã€€å¿œæ€¥æ‰‹å½“$ccb<=40ã€€è¨€ã„ãã‚‹ã‚$ccb<=70ã€€éš ã™$ccb<=56ã€€å¤‰è£…$ccb<=66ã€€åˆ¶ä½œï¼ˆæœé£¾ï¼‰$ccb<=55ã€€æ—¥æœ¬èª$ccb<=0ã€€ã‚¯ãƒˆã‚¥ãƒ«ãƒ•ç¥è©±,å¥³è£…ç”·å­,ç‰‡é±—,,ã“ã‚Œã‹ã‚‰ãšã£ã¨ä¸€ç·’ã ã­â˜ºï¸,è‡ªåˆ†ã§è¨€ã†ã®ã‚‚ãªã‚“ã§ã™ãŒã€ç¶ºéº—ã§ã™ã­ã€è‰²ã€…ã¨,,,ãˆã£ã¡ãªã“ã¨ã—ãŸã‚“ã§ã™ã‹ï¼ï¼Ÿï¼ï¼Ÿï¼Ÿ,ä¸Šå¸,166,,å­”é›€,ã‚ªãƒ€ãƒã‚­,,1 é«˜æ ¡ç”Ÿ,
28,Yamanetsuki_Jyozetu.html,å±±å¯æœˆã€€é†¸èˆŒ,ã‚„ã¾ã­ã¤ãã€€ã˜ã‚‡ã†ãœã¤,41,ç”·,ç‹™æ’ƒæ‰‹,æœˆç™½ã€€#EAF4FC,9/9,18/18,90/90,1d4,15,8,18,11,15,10,14,20,ccb<={SAN}   SAN$ ccb<=90å¹¸é‹$ccb<=100ã€€çŸ¥è­˜$ccb<=70ã€€ã‚¢ã‚¤ãƒ‡ã‚¢$\\\$ccb<=90ã€€ç›®æ˜Ÿ$ccb<=55ã€€èãè€³$ccb<=25ã€€å›³æ›¸é¤¨$ccb<=35ã€€å¿œæ€¥æ‰‹å½“$ccb<=58ã€€ã‚³ãƒ³ãƒ”ãƒ¥ãƒ¼ã‚¿$ccb<=65ã€€éš ã™$ccb<=90ã€€éš ã‚Œã‚‹$ccb<=45ã€€éš ã‚Œã‚‹ï¼ˆ1/2ï¼‰$ccb<=31ã€€éµé–‹ã‘$ccb<=55ã€€ãƒŠãƒ“ã‚²ãƒ¼ãƒˆ $ccb<=55ã€€æ©Ÿæ¢°ä¿®ç†$ccb<=60ã€€èŠ¸è¡“ï¼ˆæ¸…æƒï¼‰$ccb<=40ã€€ç™»æ”€$ccb<=35ã€€è·³èº$ccb<=100ã€€æ—¥æœ¬èª$\\\$ccb<=95ã€€å›é¿$ccb<=75ã€€æ‹³éŠƒ$\\\$ccb(100)<=95ã€€ãƒ©ã‚¤ãƒ•ãƒ«_L115$ã€€ccb(96)<=95ã€€ãƒ©ã‚¤ãƒ•ãƒ«_ãƒãƒ¼ãƒ¬ãƒƒãƒˆãƒ»ãƒ¢ãƒ‡ãƒ«82$ccb(98)<=95ã€€ãƒ©ã‚¤ãƒ•ãƒ«_FNãƒ•ã‚¡ã‚¤ãƒ´ãƒ»ã‚»ãƒ´ãƒ³$\\\$3d6ï¼‹4ã€€L115$2d10ï¼‹1d8ï¼‹6ã€€ãƒãƒ¼ãƒ¬ãƒƒãƒˆãƒ»ãƒ¢ãƒ‡ãƒ«82$2d6ã€€FNãƒ•ã‚¡ã‚¤ãƒ´ãƒ»ã‚»ãƒ´ãƒ³ ,HO1,ã‚µã‚¤ãƒ¬ãƒ³æ¸…æƒä¼šç¤¾,,ã›ã€ã›ã‚“ã±ãã„,ã‚µã‚¤ãƒ¬ãƒ³è‡ªé™£ã«ã‚µãƒ©ãƒ¡ã‚·ã¨ã‹ãƒ—ãƒ­ãƒ•ã‚§ãƒƒã‚·ãƒ§ãƒŠãƒ«ã®å–ææ¥ã¦ã»ã—ã„,,æ³¨ç›®æ ª,ä»•äº‹äººãƒ‘ã‚¤ã‚»ãƒ³,ä¸Šå¸,160,,å±±çŒ«,ãƒãƒ¥ãƒ¼ãƒ™ãƒ­ãƒ¼ã‚º,,1 ç›£è¦–ç‰©,
29,Suzukage_Chiyori.html,éˆ´å½±ã€€è¶ä¾,ã™ãšã‹ã’ã€€ã¡ã‚ˆã‚Š,23,ç”·,å°‚æ¥­ä¸»å¤«,ãƒ€ã‚¹ãƒˆã‚¹ãƒˆãƒ¼ãƒ ã€€#E5CCC9,10/10,12/12,60/60,0,7,7,12,9,12,13,14,12,ccb<={SAN}   SAN$ccb<=65ã€€å¹¸é‹$ccb<=60ã€€çŸ¥è­˜$ccb<=70ã€€ã‚¢ã‚¤ãƒ‡ã‚¢$ccb<=75ã€€ç›®æ˜Ÿ$ccb<=75ã€€èãè€³$ccb<=55ã€€å›³æ›¸é¤¨$ccb<=40ã€€éš ã‚Œã‚‹$ccb<=45ã€€ä¿¡ç”¨$ccb<=75ã€€èŠ¸è¡“(å®¶äº‹)$ccb<=80ã€€åˆ¶ä½œ(æ–™ç†)$ccb<=40ã€€å¿œæ€¥æ‰‹å½“$ccb<=60ã€€æ—¥æœ¬èª$ccb<=36ã€€ã‚¤ã‚¿ãƒªã‚¢èª,HO2,Oh\ My Baby,,,ç´”æ„›ã€‚ç‰¹æŠ€:è‡ªåˆ†ã‚’é¨™ã™ã“ã¨,,,å“€ã‚Œã£ã½ãã¦ã‹ã‚ã„ã‹ã£ãŸ,,,,ãƒ¢ãƒ³ã‚·ãƒ­ãƒãƒ§ã‚¦,éˆ´è˜­,,2 ãƒ™ã‚¤ãƒ“ãƒ¼,
30,Safukuji_Ai.html,æœç¦è·¯ã€€è—éŸ‹,ã•ãµãã˜ã€€ã‚ã„,27,å¥³,ç†å·¥å­¦éƒ¨å¤§å­¦é™¢ç”Ÿ,,12/12,13/13,58/65,1d4,8,7,13,7,14,17,15,19,ccb<={SAN}   SAN ccb<=65ã€€å¹¸é‹ ccb<=90ã€€çŸ¥è­˜ ccb<=75ã€€ã‚¢ã‚¤ãƒ‡ã‚¢ ccb<=75ã€€ç›®æ˜Ÿ ccb<=55ã€€èãè€³ ccb<=65ã€€å›³æ›¸é¤¨ ccb<=85ã€€å¿ƒç†å­¦ ccb<=11ã€€ç²¾ç¥åˆ†æ ccb<=75ã€€è¨€ã„ãã‚‹ã‚ ccb<=71ã€€ç‰©ç†å­¦ ccb<=71ã€€é›»å­å·¥å­¦ ccb<=71ã€€äººé¡å­¦ ccb<=51ã€€ãƒ‰ã‚¤ãƒ„èª ccb<=95ã€€æ—¥æœ¬èªã€€ccb<=1 ã‚¯ãƒˆã‚¥ãƒ«ãƒ•ç¥è©±æŠ€èƒ½,ç”Ÿæ´»åŠ›çš†ç„¡ã€éˆæ„Ÿã€ç ”ç©¶ãƒã‚«ã€‚,æ­£ã—ã„æ­»ä½“ã®å± ã‚Šæ–¹,,ã‚ã„æ§˜ã©ã“ãƒ¼ãƒ¼ï¼ï¼Ÿ,ç™¾åˆã®æ¥½ã—ã•ã‚’çŸ¥ã£ã¦ã—ã¾ã£ãŸã‹ã‚‚ã—ã‚Œã‚“,,,,ä¸Šå¸,179,,æ¢Ÿ,ã‚±ã‚¤ãƒˆã‚¦,,1 æ®ºã—ãŸ,
31,Sakakiichi_Moku.html,æ¦Šä¸€ã€€æœ¨,ã•ã‹ãã„ã¡ã€€ã‚‚ã,11,ç”·,,,,,53/80,,11,6,16,9,14,9,16,15,,,ãƒ‡ã‚¦ã‚¹ãƒ»ã‚¨ã‚¯ã‚¹ãƒ»ãƒã‚­ãƒŠã¯æ­»ã‚“ã ,ã‚‚ããã‚“ï¼ï¼$ã“ã‚Œã‹ã‚‰ã‚‚ä¸€ç·’ï¼ï¼,^ ^,ãŠå§‰ã•ã‚“ã¨ä¸€ç·’,,,,ä¸Šå¸,152,,ç¥,æ¦Š,,ï¼’ã€€ãƒ’ãƒˆ,ç™¾èˆŒé³¥
32,An.html,ã‚ã‚“,,17,å¥³,,#B94E48,10/10,10/10,50/50,0,9,10,10,9,16,9,17,16,,,My Sweet\ Dirty!,,,ä¿ºã‚‚å¥½ã,,,è¦‹ãŸç›®ã‚ã£ã¡ã‚ƒå¥½ã,ä¸Šå¸,140,,,,,,æ˜Ÿåˆ é·²
33,Shishi_Akiha.html,å“‚é›«ã€€ç‘›è‘‰,ã—ã—ã€€ã‚ãã¯,14,ç”·,å­¦ç”Ÿ,#EBD4E0,8/8,12/12,60/60,,12,4,12,9,15,11,14,15,ccb<=$ccb<={SAN}ã€€SAN$ccb<={INT}*5ã€€ã‚¢ã‚¤ãƒ‡ã‚¢$ccb<={EDU}*5ã€€çŸ¥è­˜$ccb<={CON}*5ã€€CONÃ—5$ccb<={POW}*5ã€€POWÃ—5$$ccb<={DEX}*2ã€€å›é¿$ccb<=75ã€€ç›®æ˜Ÿ$ccb<=75ã€€èãè€³$ccb<=65ã€€å›³æ›¸é¤¨$ccb<=61ã€€å¿ƒç†å­¦$ccb<=41ã€€åŒ»å­¦$ccb<=55ã€€éš ã™$ccb<=85ã€€ä¿¡ç”¨$ccb<=75ã€€åˆ¶ä½œ(å˜˜)$ccb<=25ã€€èŠ¸è¡“(ãƒ´ã‚¡ã‚¤ã‚ªãƒªãƒ³),æ±ã€€æ–—é›²ã€€(ã‚ãšã¾ã€€ã—ãšã),èª°ã‹ãŒæ­»ã‚“ã§ã„ã‚‹,ã†ãã¤ãï¼ï¼ï¼,ã†ãâ€¦,å˜˜ã¤ãã„ã¡ã”,,ã†ãã¤ãï¼ï¼ï¼,,ä¸Šå¸,163,,,æ¡œ,è¥¿ã¨è¨€ãˆã°æ±ã¨ã„ã†,,
34,Miyakushi_Syaorin.html,ä¸‰è–¬æ¢”ã€€å°éˆ´,ã¿ã‚„ãã—ã€€ã—ã‚ƒãŠã‚Šã‚“,16,å¥³,ãŠå¬¢æ§˜,#FFD768,17/17,10/10,42/50,,14,18,10,17,14,15,14,15,ccb<= ccb<={SAN}ã€€SAN ccb<={INT}*5ã€€ã‚¢ã‚¤ãƒ‡ã‚¢ ccb<={EDU}*5ã€€çŸ¥è­˜ ccb<={CON}*5ã€€CONÃ—5 ccb<={POW}*5ã€€POWÃ—5  ccb<={DEX}*2ã€€å›é¿ ccb<=35ã€€ç›®æ˜Ÿ ccb<=45ã€€èãè€³ ccb<=25ã€€å›³æ›¸é¤¨ ccb<=60ã€€å¿œæ€¥æ‰‹å½“ ccb<=55ã€€åŒ»å­¦ ccb<=41ã€€ç²¾ç¥åˆ†æ ccb<=71ã€€è–¬å­¦ ccb<=70ã€€åˆ¶ä½œ(è–¬è†³) ccb<=31ã€€ãƒ©ãƒ†ãƒ³èª ccb<=75ã€€èŠ¸è¡“(ãƒ¡ã‚¤ã‚¯ã‚¢ãƒƒãƒ—) ccb<=68ã€€èŠ¸è¡“(ãŠå¬¢æ§˜),,è„±ç„ã¯ä¹™å¥³ã®å—œã¿,,ç´ æ™´ã‚‰ã—ã„ãŠå¬¢æ§˜ã§ã—ãŸã‚,ãƒ‰ãƒã‚¤ã«ãƒšãƒ³ã‚·ãƒ§ãƒ³å»ºã¦ãŸã‹ã‚‰ä¸€ç·’ã«è¡Œã“ã†ã‚ã‚‹ï¼ï¼,,ãŠå¬¢æ§˜ã‚‰ã—ã„ç¾½ç›®ã®å¤–ã—æ–¹ã§ã™ã‚,,ä¸Šå¸,174,,,ã‚¯ãƒãƒŠã‚·,,3,
35,Yakai_Ryo.html,å¤œå±Šã€€æ¶¼,ã‚„ã‹ã„ã€€ã‚Šã‚‡ã†,21,å¥³,å¤§å­¦ç”Ÿ,,14/14,12/12,60/60,0,8,15,12,12,12,13,14,14,ccb<=$ccb<={SAN}ã€€SAN$ccb<={INT}*5ã€€ã‚¢ã‚¤ãƒ‡ã‚¢$ccb<={EDU}*5ã€€çŸ¥è­˜$ccb<={CON}*5ã€€CONÃ—5$ccb<={POW}*5ã€€POWÃ—5$$ccb<={DEX}*2ã€€å›é¿$ccb<=75ã€€ç›®æ˜Ÿ$ccb<=75ã€€èãè€³$ccb<=75ã€€å›³æ›¸é¤¨$ccb<=30ã€€å¿œæ€¥æ‰‹å½“$ccb<=70ã€€å¤©æ–‡å­¦$ccb<=51ã€€é›»å­å·¥å­¦$ccb<=31ã€€ç²¾ç¥åˆ†æ$ccb<=61ã€€è‹±èª$ccb<=11ã€€ãƒ©ãƒ†ãƒ³èª$ccb<=71ã€€æ—¥æœ¬èª,,ãƒ©ã‚¤ã‚«ã®è¡Œæ–¹,,,ã‹ã‚ã„ã‹ã£ãŸã€å¿ƒãŒãã‚Œã„ãªå­ã ã£ãŸ,,,æ­»ãªã›ã¡ã‚ƒã£ã¦ã”ã‚ã‚“â€¦â€¦â€¦,ä¸Šå¸,,,,å¤œé¡”,æœˆæ¶¼ã—ï¼ˆå¤ã®å­£èªï¼‰,,
36,Kirisaki_Rensui.html,éœ§å…ˆã€€æ‹æ°´,ãã‚Šã•ãã€€ã‚Œã‚“ã™ã„,22,ç”·,è“å­å±‹ã®ãƒã‚¤ãƒˆ,#8CBED6,16/16,9/9,45/45,1d4,12,18,9,6,12,14,15,16,ccb<=$ccb<={SAN}ã€€SAN$ccb<={INT}*5ã€€ã‚¢ã‚¤ãƒ‡ã‚¢$ccb<={EDU}*5ã€€çŸ¥è­˜$ccb<={CON}*5ã€€CONÃ—5$ccb<={POW}*5ã€€POWÃ—5$$ccb<=57ã€€å›é¿$ccb<=60ã€€ç›®æ˜Ÿ$ccb<=65ã€€èãè€³$ccb<=50ã€€å›³æ›¸é¤¨$ccb<=65ã€€æ–$ccb<=75ã€€ä¿¡ç”¨$ccb<=50ã€€å¿ƒç†å­¦$ccb<=80ã€€èŠ¸è¡“(æ¼”æŠ€)$ccb<=61ã€€å¤‰è£…$ccb<=65ã€€åˆ¶ä½œ(å½è£…å·¥ä½œ)$ccb<=70ã€€è¿½è·¡$ccb<=60ã€€å¿ã³æ­©ã$ccb<=31ã€€éµé–‹ã‘,,æ„›ç½ èœ‚,,,ä»Šå¾Œã‚‚æœŸå¾…,,,,,,,ã‚¢ãƒ©ã‚¤ã‚°ãƒ,ãƒ‹ã‚²ãƒ©,,2 ãƒã‚¤ãƒˆ,
37,Kawamura.html,ã‚«ãƒ¯ãƒ ãƒ©,ã‹ã‚ã‚€ã‚‰,ï¼Ÿ,å¥³,,ãƒ€ãƒ¼ã‚¯ã‚¤ãƒ³ãƒšãƒªã‚¢ãƒ«ãƒ–ãƒ«ãƒ¼ã€€#00147E,9/9,13/13,1/65,0,6,6,13,9,18,12,12,17,ccb<=$ccb<={SAN}ã€€SAN$ccb<={INT}*5ã€€ã‚¢ã‚¤ãƒ‡ã‚¢$ccb<={EDU}*5ã€€çŸ¥è­˜$ccb<={CON}*5ã€€CONÃ—5$ccb<={POW}*5ã€€POWÃ—5$$ccb<={DEX}*2ã€€å›é¿$ccb<=50ã€€ç›®æ˜Ÿ$ccb<=50ã€€èãè€³$ccb<=70ã€€å›³æ›¸é¤¨$ccb<=70ã€€æ°´æ³³$ccb<=70ã€€ç™»æ”€$ccb<=70ã€€ãƒŠãƒ“ã‚²ãƒ¼ãƒˆ$ccb<=70ã€€è€ƒå¤å­¦$ccb<=31ã€€äººé¡å­¦$ccb<=30ã€€åšç‰©å­¦$ccb<=31ã€€å¤©æ–‡å­¦$ccb<=31ã€€åœ°è³ªå­¦$ccb<=31ã€€é›»å­å·¥å­¦$ccb<=31ã€€ç‰©ç†å­¦$ccb<=31ã€€åŒ»å­¦$ccb<=75ã€€è¨€èª,,Good Morning\ ALL,,,,,,,,,,,,,ä¸è€ä¸æ­»,æ¡Ÿã€€å¤§ç‘š
38,Sato_Itsu.html,ä½è—¤ã€€ä½š,ã•ã¨ã†ã€€ã„ã¤,22,ç”·,,ã‚´ãƒ¼ã‚¹ãƒˆãƒ›ãƒ¯ã‚¤ãƒˆã€€#F8F8FF,13/14,18/18,78/90,0,10,18,18,13,8,9,16,9+3,ccb<= ccb<={SAN}ã€€SAN ccb<={INT}*5ã€€ã‚¢ã‚¤ãƒ‡ã‚¢ ccb<={EDU}*5ã€€çŸ¥è­˜ ccb<={CON}*5ã€€CONÃ—5 ccb<={POW}*5ã€€POWÃ—5 ccb<={DEX}*2+50ã€€å›é¿ ccb<=90ã€€ç›®æ˜Ÿ ccb<=91ã€€èãè€³ ccb<=75ã€€å›³æ›¸é¤¨ ccb<=70ã€€å¤©æ–‡å­¦ ccb<=85ã€€ãƒŠã‚¤ãƒ• 1d6ã€€å°å‹ãƒŠã‚¤ãƒ•ãƒ€ãƒ¡ãƒ¼ã‚¸,,World End Breakers,,,,,,,,,,,,,1 äººç½,ä½è—¤ã€€ä»æµ·
39,Clark_S_Riebe.html,Clarkâ€¢Sâ€¢Riebe,ã‚¯ãƒ©ãƒ¼ã‚¯ã€€Sã€€ãƒªãƒ¼ãƒ™,40,ç”·,,Battleship greyã€€#848482,15/15,13/13,65/65,1d4,14,14,13,14,9,15,12,13,ccb<=$ccb<={SAN}ã€€SAN$ccb<={INT}*5ã€€ã‚¢ã‚¤ãƒ‡ã‚¢$ccb<={EDU}*5ã€€çŸ¥è­˜$ccb<={CON}*5ã€€CONÃ—5$ccb<={POW}*5ã€€POWÃ—5$$ccb<={DEX}*2+60ã€€å›é¿$ccb<=70ã€€ç›®æ˜Ÿ$ccb<=45ã€€èãè€³$ccb<=25ã€€å›³æ›¸é¤¨$ccb<=70ã€€æ°´æ³³$ccb<=30ã€€å¿œæ€¥æ‰‹å½“$ccb<=31ã€€ç²¾ç¥åˆ†æ$ccb<=80ã€€ã“ã¶ã—$ccb<=61ã€€MA$ccb<=91ã€€æ“ç¸¦(è»è‰¦)$ccb<=4ã€€ã‚¯ãƒˆã‚¥ãƒ«ãƒ•ç¥è©±æŠ€èƒ½,ã‚ã¨5å¹´,è¹‚èº™ã™ã‚‹ã¯æˆ‘ãŒæ‰‹ã«ã¦,,ãªã‚“ã§ã“ã‚“ãªã«ã‚‚ãˆã£ã¡,ã‚ã–ã£ã—ãŸã€èª°ã‹ã¨ãŠèŒ¶ä¼š()ã—ã¦ã‚‹ã¨ã“è¦‹ãŸã„,,é¡”ãŒè‰¯ã„é¡”ãŒè‰¯ã„é¡”ãŒè‰¯ã„,æ‹·å•å®˜ã«ãªã‚ŠãŸã„,,,,,,å…ƒç´ è¨˜å·è¦šãˆæ­Œ,2 Bå›½ã®å°†è»,
40,Aran_Seiji.html,é˜¿è˜­ã€€æ¸…è¦–,ã‚ã‚‰ã‚“ã€€ã›ã„ã˜,28,ç”·,,,12/12,12/12,60/60,0,11,13,12,15,13,12,22,22,ccb<=$ccb<={SAN}ã€€SAN$ccb<={INT}*5ã€€ã‚¢ã‚¤ãƒ‡ã‚¢$ccb<={EDU}*5ã€€çŸ¥è­˜$ccb<={CON}*5ã€€CONÃ—5$ccb<={POW}*5ã€€POWÃ—5$$ccb<={DEX}*2ã€€å›é¿$ccb<=75ã€€ç›®æ˜Ÿ$ccb<=75ã€€èãè€³$ccb<=80ã€€å›³æ›¸é¤¨$ccb<=55ã€€ç§‘å­¦$ccb<=65ã€€ç‰©ç†$ccb<=90ã€€é‹è»¢ï¼ˆè»Šï¼‰$ccb<=70ã€€é‹è»¢ï¼ˆèˆ¹èˆ¶ï¼‰$ccb<=61ã€€æ“ç¸¦ï¼ˆã‚»ã‚¹ãƒŠï¼‰$ccb<=71ã€€é‡æ©Ÿæ¢°æ“ä½œ$ccb<=90ã€€æ©Ÿæ¢°ä¿®ç†ã€€$ccb<=20ã€€MA$ccb<=70ã€€ã‚­ãƒƒã‚¯,,ç§˜å¯†ã¨å†…è¨¼,,,é«ªã®æ¯›ç·‘ã«ã™ã‚‹ã‹,,,ã‚¯ãƒ­ãƒ¼ãƒãƒ¼ä¼¼åˆã„ãã†ãªé¡”ã—ã¦ã‚‹,,,,,ã‚»ãƒ¼ã‚¸,,,
41,Iru.html,ã‚¤ãƒ«,,18,å¥³,,wheatã€€#F5DEB3,11/11,10/10,50/50,0,7,10,10,14,14,12,16,17,ccb<=$ccb<={SAN}ã€€SAN$ccb<={INT}*5ã€€ã‚¢ã‚¤ãƒ‡ã‚¢$ccb<={EDU}*5ã€€çŸ¥è­˜$ccb<={CON}*5ã€€CONÃ—5$ccb<={POW}*5ã€€POWÃ—5$$ccb<={DEX}*2+20ã€€å›é¿$ccb<=85ã€€ç›®æ˜Ÿ$ccb<=65ã€€èãè€³$ccb<=45ã€€å›³æ›¸é¤¨$ccb<=99ã€€éµé–‹ã‘$ccb<=90ã€€å¤‰è£…$ccb<=80ã€€å¿ã³æ­©ã$ccb<=65ã€€ç™»æ”€$ccb<=65ã€€è·³èº$ccb<=35ã€€å¿ƒç†å­¦$ccb<=61ã€€éš ã™$ccb<=60ã€€èŠ¸è¡“ï¼ˆãƒãƒ‹ãƒ¼ãƒˆãƒ©ãƒƒãƒ—ï¼‰$ccb<=75ã€€æ—¥æœ¬èª,,è£åˆ‡ã‚Šè€…ã®ãƒ¯ãƒ«ãƒ„,,ã‚ã€ã‚ã‚ŠãŒã¨ã†ï¼Ÿ,ã«ã“ã«ã“,,,,,,,,,é»’ãƒ©ãƒ™ãƒ«â˜…,2,
42,Tsuga_Senjyu.html,æ´¥è·ã€€å°‚å¯¿,ã¤ãŒã€€ã›ã‚“ã˜ã‚…,36,ç”·,,ãƒã‚¸ãƒƒã‚¯ãƒŸãƒ³ãƒˆ #AAF0D1,16/16,18/18,90/90,1d4,12,15,18,9,17,16,17,16,ccb<=$ccb<={SAN}ã€€SAN$ccb<={INT}*5ã€€ã‚¢ã‚¤ãƒ‡ã‚¢$ccb<={EDU}*5ã€€çŸ¥è­˜$ccb<={CON}*5ã€€CONÃ—5$ccb<={POW}*5ã€€POWÃ—5$$ccb<={DEX}*2ã€€å›é¿$ccb<=45ã€€ç›®æ˜Ÿ$ccb<=65ã€€èãè€³$ccb<=30ã€€å›³æ›¸é¤¨$ccb<=76ã€€ã‚³ãƒ³ãƒ”ãƒ¥ãƒ¼ã‚¿$ccb<=75ã€€å¿ƒç†å­¦$ccb<=80ã€€ä¿¡ç”¨$ccb<=60ã€€çµŒç†$ccb<=31ã€€é›»å­å·¥å­¦$ccb<=66ã€€è‹±èª$ccb<=75ã€€èŠ¸è¡“ï¼ˆãƒã‚¤ã‚ªãƒªãƒ³ï¼‰ã€€,,å›ã«ä¼¼åˆã†è‰²ã‚’ã‚ã’ã‚‹,,,ã©ã‚†ã“ã¨ï¼ŸğŸ˜…,,,ãŠå‰ã«ãªã‚ŠãŸã„ã§ã™,,196,,,ãƒŸãƒ³ãƒˆ,,DOM,
43,,,,33,å¥³,,,,,,,,,,,,,,,,,æ—…é¤¨ã®æ•é£Ÿè€…,,,,,,,,,,,,,,
44,,é­šäºº,ã‚¦ã‚ªãƒ³ãƒãƒ¥,,,,,,,,,,,,,,,,,,,MAGNIFICAS,,,,,,,,,,,,,,
45,,,,,,,,,,,,,,,,,,,,,,,,,,,,,,,,,,,,
46,,,,,,,,,,,,,,,,,,,,,,,,,,,,,,,,,,,,
47,,,,,,,,,,,,,,,,,,,,,,,,,,,,,,,,,,,,
48,,,,,,,,,,,,,,,,,,,,,,,,,,,,,,,,,,,,
49,,,,,,,,,,,,,,,,,,,,,,,,,,,,,,,,,,,,
50,,,,,,,,,,,,,,,,,,,,,,,,,,,,,,,,,,,,
51,,,,,,,,,,,,,,,,,,,,,,,,,,,,,,,,,,,,
52,,,,,,,,,,,,,,,,,,,,,,,,,,,,,,,,,,,,
53,,,,,,,,,,,,,,,,,,,,,,,,,,,,,,,,,,,,
54,,,,,,,,,,,,,,,,,,,,,,,,,,,,,,,,,,,,
55,,,,,,,,,,,,,,,,,,,,,,,,,,,,,,,,,,,,
56,,,,,,,,,,,,,,,,,,,,,,,,,,,,,,,,,,,,
57,,,,,,,,,,,,,,,,,,,,,,,,,,,,,,,,,,,,
58,,,,,,,,,,,,,,,,,,,,,,,,,,,,,,,,,,,,
59,,,,,,,,,,,,,,,,,,,,,,,,,,,,,,,,,,,,
60,,,,,,,,,,,,,,,,,,,,,,,,,,,,,,,,,,,,
61,,,,,,,,,,,,,,,,,,,,,,,,,,,,,,,,,,,,
62,,,,,,,,,,,,,,,,,,,,,,,,,,,,,,,,,,,,
63,,,,,,,,,,,,,,,,,,,,,,,,,,,,,,,,,,,,
64,,,,,,,,,,,,,,,,,,,,,,,,,,,,,,,,,,,,
65,,,,,,,,,,,,,,,,,,,,,,,,,,,,,,,,,,,,
66,,,,,,,,,,,,,,,,,,,,,,,,,,,,,,,,,,,,
67,,,,,,,,,,,,,,,,,,,,,,,,,,,,,,,,,,,,
68,,,,,,,,,,,,,,,,,,,,,,,,,,,,,,,,,,,,
69,,,,,,,,,,,,,,,,,,,,,,,,,,,,,,,,,,,,
70,,,,,,,,,,,,,,,,,,,,,,,,,,,,,,,,,,,,
71,,,,,,,,,,,,,,,,,,,,,,,,,,,,,,,,,,,,
72,,,,,,,,,,,,,,,,,,,,,,,,,,,,,,,,,,,,
73,,,,,,,,,,,,,,,,,,,,,,,,,,,,,,,,,,,,
74,,,,,,,,,,,,,,,,,,,,,,,,,,,,,,,,,,,,
75,,,,,,,,,,,,,,,,,,,,,,,,,,,,,,,,,,,,
76,,,,,,,,,,,,,,,,,,,,,,,,,,,,,,,,,,,,
77,,,,,,,,,,,,,,,,,,,,,,,,,,,,,,,,,,,,
78,,,,,,,,,,,,,,,,,,,,,,,,,,,,,,,,,,,,
79,,,,,,,,,,,,,,,,,,,,,,,,,,,,,,,,,,,,
80,,,,,,,,,,,,,,,,,,,,,,,,,,,,,,,,,,,,
81,,,,,,,,,,,,,,,,,,,,,,,,,,,,,,,,,,,,
82,,,,,,,,,,,,,,,,,,,,,,,,,,,,,,,,,,,,
83,,,,,,,,,,,,,,,,,,,,,,,,,,,,,,,,,,,,
84,,,,,,,,,,,,,,,,,,,,,,,,,,,,,,,,,,,,
85,,,,,,,,,,,,,,,,,,,,,,,,,,,,,,,,,,,,
86,,,,,,,,,,,,,,,,,,,,,,,,,,,,,,,,,,,,
87,,,,,,,,,,,,,,,,,,,,,,,,,,,,,,,,,,,,
88,,,,,,,,,,,,,,,,,,,,,,,,,,,,,,,,,,,,
89,,,,,,,,,,,,,,,,,,,,,,,,,,,,,,,,,,,,
90,,,,,,,,,,,,,,,,,,,,,,,,,,,,,,,,,,,,
91,,,,,,,,,,,,,,,,,,,,,,,,,,,,,,,,,,,,
92,,,,,,,,,,,,,,,,,,,,,,,,,,,,,,,,,,,,
93,,,,,,,,,,,,,,,,,,,,,,,,,,,,,,,,,,,,
94,,,,,,,,,,,,,,,,,,,,,,,,,,,,,,,,,,,,
95,,,,,,,,,,,,,,,,,,,,,,,,,,,,,,,,,,,,
96,,,,,,,,,,,,,,,,,,,,,,,,,,,,,,,,,,,,
97,,,,,,,,,,,,,,,,,,,,,,,,,,,,,,,,,,,,
98,,,,,,,,,,,,,,,,,,,,,,,,,,,,,,,,,,,,
99,,,,,,,,,,,,,,,,,,,,,,,,,,,,,,,,,,,,
100,,,,,,,,,,,,,,,,,,,,,,,,,,,,,,,,,,,,
101,,,,,,,,,,,,,,,,,,,,,,,,,,,,,,,,,,,,
102,,,,,,,,,,,,,,,,,,,,,,,,,,,,,,,,,,,,
103,,,,,,,,,,,,,,,,,,,,,,,,,,,,,,,,,,,,
104,,,,,,,,,,,,,,,,,,,,,,,,,,,,,,,,,,,,
105,,,,,,,,,,,,,,,,,,,,,,,,,,,,,,,,,,,,
106,,,,,,,,,,,,,,,,,,,,,,,,,,,,,,,,,,,,
107,,,,,,,,,,,,,,,,,,,,,,,,,,,,,,,,,,,,
108,,,,,,,,,,,,,,,,,,,,,,,,,,,,,,,,,,,,
109,,,,,,,,,,,,,,,,,,,,,,,,,,,,,,,,,,,,
110,,,,,,,,,,,,,,,,,,,,,,,,,,,,,,,,,,,,
111,,,,,,,,,,,,,,,,,,,,,,,,,,,,,,,,,,,,
112,,,,,,,,,,,,,,,,,,,,,,,,,,,,,,,,,,,,
113,,,,,,,,,,,,,,,,,,,,,,,,,,,,,,,,,,,,
114,,,,,,,,,,,,,,,,,,,,,,,,,,,,,,,,,,,,
115,,,,,,,,,,,,,,,,,,,,,,,,,,,,,,,,,,,,
116,,,,,,,,,,,,,,,,,,,,,,,,,,,,,,,,,,,,
117,,,,,,,,,,,,,,,,,,,,,,,,,,,,,,,,,,,,
118,,,,,,,,,,,,,,,,,,,,,,,,,,,,,,,,,,,,
119,,,,,,,,,,,,,,,,,,,,,,,,,,,,,,,,,,,,
120,,,,,,,,,,,,,,,,,,,,,,,,,,,,,,,,,,,,
121,,,,,,,,,,,,,,,,,,,,,,,,,,,,,,,,,,,,
122,,,,,,,,,,,,,,,,,,,,,,,,,,,,,,,,,,,,
123,,,,,,,,,,,,,,,,,,,,,,,,,,,,,,,,,,,,
124,,,,,,,,,,,,,,,,,,,,,,,,,,,,,,,,,,,,
125,,,,,,,,,,,,,,,,,,,,,,,,,,,,,,,,,,,,
126,,,,,,,,,,,,,,,,,,,,,,,,,,,,,,,,,,,,
127,,,,,,,,,,,,,,,,,,,,,,,,,,,,,,,,,,,,
128,,,,,,,,,,,,,,,,,,,,,,,,,,,,,,,,,,,,
129,,,,,,,,,,,,,,,,,,,,,,,,,,,,,,,,,,,,
130,,,,,,,,,,,,,,,,,,,,,,,,,,,,,,,,,,,,
131,,,,,,,,,,,,,,,,,,,,,,,,,,,,,,,,,,,,
132,,,,,,,,,,,,,,,,,,,,,,,,,,,,,,,,,,,,
133,,,,,,,,,,,,,,,,,,,,,,,,,,,,,,,,,,,,
134,,,,,,,,,,,,,,,,,,,,,,,,,,,,,,,,,,,,
135,,,,,,,,,,,,,,,,,,,,,,,,,,,,,,,,,,,,
136,,,,,,,,,,,,,,,,,,,,,,,,,,,,,,,,,,,,
137,,,,,,,,,,,,,,,,,,,,,,,,,,,,,,,,,,,,
138,,,,,,,,,,,,,,,,,,,,,,,,,,,,,,,,,,,,
139,,,,,,,,,,,,,,,,,,,,,,,,,,,,,,,,,,,,
140,,,,,,,,,,,,,,,,,,,,,,,,,,,,,,,,,,,,
141,,,,,,,,,,,,,,,,,,,,,,,,,,,,,,,,,,,,
142,,,,,,,,,,,,,,,,,,,,,,,,,,,,,,,,,,,,
143,,,,,,,,,,,,,,,,,,,,,,,,,,,,,,,,,,,,
144,,,,,,,,,,,,,,,,,,,,,,,,,,,,,,,,,,,,
145,,,,,,,,,,,,,,,,,,,,,,,,,,,,,,,,,,,,
146,,,,,,,,,,,,,,,,,,,,,,,,,,,,,,,,,,,,
147,,,,,,,,,,,,,,,,,,,,,,,,,,,,,,,,,,,,
148,,,,,,,,,,,,,,,,,,,,,,,,,,,,,,,,,,,,
149,,,,,,,,,,,,,,,,,,,,,,,,,,,,,,,,,,,,
150,,,,,,,,,,,,,,,,,,,,,,,,,,,,,,,,,,,,
151,,,,,,,,,,,,,,,,,,,,,,,,,,,,,,,,,,,,
152,,,,,,,,,,,,,,,,,,,,,,,,,,,,,,,,,,,,
153,,,,,,,,,,,,,,,,,,,,,,,,,,,,,,,,,,,,
154,,,,,,,,,,,,,,,,,,,,,,,,,,,,,,,,,,,,
155,,,,,,,,,,,,,,,,,,,,,,,,,,,,,,,,,,,,
156,,,,,,,,,,,,,,,,,,,,,,,,,,,,,,,,,,,,
157,,,,,,,,,,,,,,,,,,,,,,,,,,,,,,,,,,,,
158,,,,,,,,,,,,,,,,,,,,,,,,,,,,,,,,,,,,
159,,,,,,,,,,,,,,,,,,,,,,,,,,,,,,,,,,,,
160,,,,,,,,,,,,,,,,,,,,,,,,,,,,,,,,,,,,
161,,,,,,,,,,,,,,,,,,,,,,,,,,,,,,,,,,,,
162,,,,,,,,,,,,,,,,,,,,,,,,,,,,,,,,,,,,
163,,,,,,,,,,,,,,,,,,,,,,,,,,,,,,,,,,,,
164,,,,,,,,,,,,,,,,,,,,,,,,,,,,,,,,,,,,
165,,,,,,,,,,,,,,,,,,,,,,,,,,,,,,,,,,,,
166,,,,,,,,,,,,,,,,,,,,,,,,,,,,,,,,,,,,
167,,,,,,,,,,,,,,,,,,,,,,,,,,,,,,,,,,,,
168,,,,,,,,,,,,,,,,,,,,,,,,,,,,,,,,,,,,
169,,,,,,,,,,,,,,,,,,,,,,,,,,,,,,,,,,,,
170,,,,,,,,,,,,,,,,,,,,,,,,,,,,,,,,,,,,
171,,,,,,,,,,,,,,,,,,,,,,,,,,,,,,,,,,,,
172,,,,,,,,,,,,,,,,,,,,,,,,,,,,,,,,,,,,
173,,,,,,,,,,,,,,,,,,,,,,,,,,,,,,,,,,,,
174,,,,,,,,,,,,,,,,,,,,,,,,,,,,,,,,,,,,
175,,,,,,,,,,,,,,,,,,,,,,,,,,,,,,,,,,,,
176,,,,,,,,,,,,,,,,,,,,,,,,,,,,,,,,,,,,
177,,,,,,,,,,,,,,,,,,,,,,,,,,,,,,,,,,,,
178,,,,,,,,,,,,,,,,,,,,,,,,,,,,,,,,,,,,
179,,,,,,,,,,,,,,,,,,,,,,,,,,,,,,,,,,,,
180,,,,,,,,,,,,,,,,,,,,,,,,,,,,,,,,,,,,
181,,,,,,,,,,,,,,,,,,,,,,,,,,,,,,,,,,,,
182,,,,,,,,,,,,,,,,,,,,,,,,,,,,,,,,,,,,
183,,,,,,,,,,,,,,,,,,,,,,,,,,,,,,,,,,,,
184,,,,,,,,,,,,,,,,,,,,,,,,,,,,,,,,,,,,
185,,,,,,,,,,,,,,,,,,,,,,,,,,,,,,,,,,,,
186,,,,,,,,,,,,,,,,,,,,,,,,,,,,,,,,,,,,
187,,,,,,,,,,,,,,,,,,,,,,,,,,,,,,,,,,,,
188,,,,,,,,,,,,,,,,,,,,,,,,,,,,,,,,,,,,
189,,,,,,,,,,,,,,,,,,,,,,,,,,,,,,,,,,,,
190,,,,,,,,,,,,,,,,,,,,,,,,,,,,,,,,,,,,
191,,,,,,,,,,,,,,,,,,,,,,,,,,,,,,,,,,,,
192,,,,,,,,,,,,,,,,,,,,,,,,,,,,,,,,,,,,
193,,,,,,,,,,,,,,,,,,,,,,,,,,,,,,,,,,,,
194,,,,,,,,,,,,,,,,,,,,,,,,,,,,,,,,,,,,
195,,,,,,,,,,,,,,,,,,,,,,,,,,,,,,,,,,,,
196,,,,,,,,,,,,,,,,,,,,,,,,,,,,,,,,,,,,
197,,,,,,,,,,,,,,,,,,,,,,,,,,,,,,,,,,,,
198,,,,,,,,,,,,,,,,,,,,,,,,,,,,,,,,,,,,
199,,,,,,,,,,,,,,,,,,,,,,,,,,,,,,,,,,,,
200,,,,,,,,,,,,,,,,,,,,,,,,,,,,,,,,,,,,